sim_time,gt_x,gt_y,gt_yaw,left_wheel_pos,right_wheel_pos,root_lin_vel_x,root_ang_vel_z
0.0,0.0005503268912434578,-7.829454261809587e-06,-2.2099793568486348e-06,0.008184057660400867,0.013172302395105362,0.03918267413973808,-0.00037583429366350174
0.016666666666666666,0.0015775859355926514,-8.369737770408392e-06,-8.185654223780148e-06,0.018789971247315407,0.025661183521151543,0.0797564908862114,0.012704860419034958
0.03333333333333333,0.003157617524266243,-8.327886462211609e-06,-9.810734809434507e-06,0.03503522649407387,0.04184465855360031,0.10874360799789429,0.004504638724029064
0.05,0.005158775486052036,-8.388422429561615e-06,-8.258186426246539e-06,0.05538640543818474,0.062255289405584335,0.1303853690624237,0.0015819353284314275
0.06666666666666667,0.007483269087970257,-8.434290066361427e-06,-8.510765837854706e-06,0.0791136771440506,0.08601110428571701,0.1475849449634552,0.0010541001101955771
0.08333333333333333,0.010056869126856327,-8.485047146677971e-06,-8.441265890724026e-06,0.10540389269590378,0.11227242648601532,0.1605888456106186,0.0007205755682662129
0.1,0.01282045803964138,-8.57905251905322e-06,-9.077779395738617e-06,0.13360922038555145,0.14049406349658966,0.1705106496810913,0.0005956826498731971
0.11666666666666667,0.01572948321700096,-8.671660907566547e-06,-9.2935861175647e-06,0.16331055760383606,0.17018727958202362,0.1780959963798523,0.0004269701603334397
0.13333333333333333,0.01874944195151329,-8.730916306376457e-06,-9.223214874509722e-06,0.1941399872303009,0.20101726055145264,0.1838916689157486,0.00035649092751555145
0.15,0.021854255348443985,-8.840055670589209e-06,-9.27398468775209e-06,0.22583293914794922,0.23271530866622925,0.1883147805929184,0.0003042824100703001
0.16666666666666666,0.025023991242051125,-8.875736966729164e-06,-9.432344995730091e-06,0.25819575786590576,0.2650674283504486,0.19170419871807098,0.0001825823710532859
0.18333333333333332,0.02824307605624199,-8.86659836396575e-06,-9.718451110529713e-06,0.29104945063591003,0.2979360520839691,0.1942860633134842,0.0001108232609112747
0.2,0.031500209122896194,-8.882023394107819e-06,-9.432782462681644e-06,0.3243076801300049,0.3311763405799866,0.19627517461776733,1.8693772290134802e-05
0.21666666666666667,0.03478611633181572,-8.95658740773797e-06,-9.684965334599838e-06,0.35784199833869934,0.36472979187965393,0.19777131080627441,8.538507245248184e-05
0.23333333333333334,0.03809414803981781,-8.987903129309416e-06,-9.242869964509737e-06,0.3916208744049072,0.39848777651786804,0.19892902672290802,0.00014718544844072312
0.25,0.041418928653001785,-8.978939149528742e-06,-9.664198842074256e-06,0.4255496561527252,0.4324416220188141,0.19980290532112122,-2.5707036911626346e-05
0.26666666666666666,0.0447566881775856,-9.091512765735388e-06,-8.9422392193228e-06,0.45963478088378906,0.46650147438049316,0.2004798948764801,-4.33196073572617e-05
0.2833333333333333,0.04810402914881706,-9.052688255906105e-06,-1.055168377206428e-05,0.49379414319992065,0.5006837248802185,0.20098046958446503,6.009387652738951e-05
0.3,0.05145903676748276,-9.095645509660244e-06,-1.0504153578949627e-05,0.528057336807251,0.5349195003509521,0.20138362050056458,3.3697072012728313e-06
0.31666666666666665,0.05481971800327301,-9.173061698675156e-06,-1.0460847988724709e-05,0.5623518824577332,0.5692398548126221,0.20167310535907745,6.105919601395726e-05
0.3333333333333333,0.0581849180161953,-9.21677565202117e-06,-9.862289516604505e-06,0.5967161059379578,0.6035799384117126,0.2019100785255432,7.529847789555788e-05
0.35,0.06155334413051605,-9.329814929515123e-06,-1.004746081889607e-05,0.6310893297195435,0.6379782557487488,0.20207467675209045,8.912388875614852e-05
0.36666666666666664,0.06492435187101364,-9.37626464292407e-06,-1.0312011909263674e-05,0.6655129790306091,0.6723774075508118,0.20222066342830658,5.200126452109544e-06
0.3833333333333333,0.06829731911420822,-9.409210179001093e-06,-1.0179484888794832e-05,0.699930727481842,0.7068228721618652,0.20231573283672333,-8.186967897927389e-05
0.4,0.07167187333106995,-9.525858331471682e-06,-9.811484233068768e-06,0.7343927621841431,0.741256833076477,0.2024019956588745,-1.4140607163426466e-05
0.4166666666666667,0.0750473365187645,-9.565264917910099e-06,-1.0617030056891963e-05,0.7688367366790771,0.7757286429405212,0.20244625210762024,-2.5196122805937193e-05
0.43333333333333335,0.07842370867729187,-9.65123763307929e-06,-1.0975517398037482e-05,0.8033185601234436,0.8101819157600403,0.20250310003757477,3.0282995794550516e-05
0.45,0.08180078119039536,-9.803276043385267e-06,-9.438448614673689e-06,0.8377771377563477,0.844668984413147,0.202522411942482,-8.181858720490709e-05
0.4666666666666667,0.08517833799123764,-9.965675417333841e-06,-1.0232908607576974e-05,0.8722673058509827,0.8791326284408569,0.20256458222866058,-6.198633855092339e-06
0.48333333333333334,0.08855611085891724,-9.984883945435286e-06,-1.0897007086896338e-05,0.9067341685295105,0.913627564907074,0.20257048308849335,2.2724814698449336e-05
0.5,0.09193437546491623,-1.003145007416606e-05,-1.0637216291797813e-05,0.9412338137626648,0.9481003284454346,0.20259854197502136,-1.5330330143115134e-06
0.5166666666666666,0.09531280398368835,-1.0176445357501507e-05,-9.83922745945165e-06,0.9757080078125,0.9826013445854187,0.20259709656238556,-5.356929250410758e-06
0.5333333333333333,0.09869145601987839,-1.0310264769941568e-05,-1.023098775476683e-05,1.0102097988128662,1.0170766115188599,0.20261982083320618,1.899665039672982e-05
0.55,0.10207008570432663,-1.033715670928359e-05,-1.099433302442776e-05,1.0446852445602417,1.0515800714492798,0.20261402428150177,5.540473466680851e-07
0.5666666666666667,0.10544893890619278,-1.0394607670605183e-05,-1.1300928235868923e-05,1.0791913270950317,1.0860589742660522,0.20263096690177917,-5.9833787418028805e-06
0.5833333333333334,0.10882779955863953,-1.0546296834945679e-05,-1.0062690307677258e-05,1.1136687994003296,1.120564579963684,0.20261557400226593,-0.00015887539484538138
0.6,0.11220676451921463,-1.0706542525440454e-05,-1.0369012670707889e-05,1.1481739282608032,1.155043363571167,0.20263509452342987,-2.6390684070065618e-05
0.6166666666666667,0.11558563262224197,-1.0670919436961412e-05,-1.141539542004466e-05,1.1826518774032593,1.1895475387573242,0.2026267647743225,4.393068957142532e-05
0.6333333333333333,0.11896462738513947,-1.0736752301454544e-05,-1.179866558231879e-05,1.217160701751709,1.2240276336669922,0.20263999700546265,-3.536454096320085e-05
0.65,0.12234354019165039,-1.076806802302599e-05,-1.155607242253609e-05,1.2516396045684814,1.2585331201553345,0.20262663066387177,7.5120733527001e-05
0.6666666666666666,0.1257227510213852,-1.0830757673829794e-05,-1.1618336429819465e-05,1.286147952079773,1.2930153608322144,0.20264531672000885,2.776500650725211e-06
0.6833333333333333,0.12910190224647522,-1.0867312084883451e-05,-1.1049667591578327e-05,1.3206297159194946,1.3275222778320312,0.20263296365737915,-3.785388980759308e-05
0.7,0.13248112797737122,-1.1018826626241207e-05,-1.1333734619256575e-05,1.3551393747329712,1.3620045185089111,0.2026509940624237,4.3069972889497876e-05
0.7166666666666667,0.13586024940013885,-1.1083611752837896e-05,-1.1303093742753845e-05,1.3896209001541138,1.3965120315551758,0.20263278484344482,8.35354694572743e-06
0.7333333333333333,0.13923943042755127,-1.1123600415885448e-05,-1.065546712197829e-05,1.4241288900375366,1.4309943914413452,0.20264364778995514,-1.4294637367129326e-05
0.75,0.14261846244335175,-1.1220457963645458e-05,-1.0162226317333989e-05,1.4586100578308105,1.4655014276504517,0.2026306688785553,3.552294947439805e-05
0.7666666666666666,0.14599761366844177,-1.1302647180855274e-05,-1.0723563718784135e-05,1.4931166172027588,1.4999827146530151,0.20264427363872528,-7.327373896259815e-05
0.7833333333333333,0.14937660098075867,-1.1334428563714027e-05,-1.1459746019681916e-05,1.527596354484558,1.5344890356063843,0.2026350200176239,6.302194378804415e-05
0.8,0.15275582671165466,-1.134118065237999e-05,-1.0731292604759801e-05,1.5621062517166138,1.5689719915390015,0.20264455676078796,7.277543772943318e-05
0.8166666666666667,0.15613506734371185,-1.1324824299663305e-05,-1.087597047444433e-05,1.5965890884399414,1.603481650352478,0.2026442587375641,-1.6980673535726964e-05
0.8333333333333334,0.1595144420862198,-1.1511030606925488e-05,-1.0024491530202795e-05,1.6310993432998657,1.637965440750122,0.2026500552892685,-0.00010047192336060107
0.85,0.16289356350898743,-1.1472147889435291e-05,-1.1489813914522529e-05,1.6655819416046143,1.6724733114242554,0.20263633131980896,-5.769844938185997e-05
0.8666666666666667,0.16627274453639984,-1.1548749171197414e-05,-1.1716217159118969e-05,1.7000911235809326,1.7069553136825562,0.20264925062656403,-4.625674137059832e-06
0.8833333333333333,0.1696517914533615,-1.16005539894104e-05,-1.1444109986769035e-05,1.7345713376998901,1.7414628267288208,0.20263372361660004,1.7412354281987064e-05
0.9,0.17303098738193512,-1.1689960956573486e-05,-1.0899361768679228e-05,1.7690787315368652,1.7759443521499634,0.20264530181884766,-7.801000720064621e-06
0.9166666666666666,0.17640992999076843,-1.1699739843606949e-05,-1.135003003582824e-05,1.8035588264465332,1.8104510307312012,0.20262941718101501,-8.481947588734329e-06
0.9333333333333333,0.17978906631469727,-1.1764641385525465e-05,-1.1383654054952785e-05,1.8380677700042725,1.8449323177337646,0.20264333486557007,-2.9935181373730302e-05
0.95,0.18316812813282013,-1.189147587865591e-05,-1.0741970982053317e-05,1.8725485801696777,1.8794386386871338,0.2026311457157135,-8.139566489262506e-06
0.9666666666666667,0.18654727935791016,-1.1999101843684912e-05,-1.1131089195259847e-05,1.9070546627044678,1.9139198064804077,0.2026452273130417,-2.2525795429828577e-05
0.9833333333333333,0.18992631137371063,-1.1998927220702171e-05,-1.1395353794796392e-05,1.9415349960327148,1.9484251737594604,0.20263029634952545,3.370530248503201e-05
1.0,0.19330546259880066,-1.2018601410090923e-05,-1.0590334568405524e-05,1.9760428667068481,1.9829071760177612,0.2026427537202835,1.0111068149853963e-05
1.0166666666666666,0.19668465852737427,-1.2019358109682798e-05,-1.1092903150711209e-05,2.010525703430176,2.0174148082733154,0.20264220237731934,2.071536800940521e-05
1.0333333333333332,0.20006409287452698,-1.2021278962492943e-05,-1.103889098885702e-05,2.0450363159179688,2.0518996715545654,0.2026594877243042,-0.0001010396663332358
1.05,0.20344358682632446,-1.2196134775876999e-05,-1.1047811312892009e-05,2.0795202255249023,2.086411237716675,0.2026488035917282,8.5783749455004e-06
1.0666666666666667,0.2068229466676712,-1.2238335330039263e-05,-1.0638561434461735e-05,2.114029884338379,2.1208958625793457,0.20265883207321167,2.612431489978917e-05
1.0833333333333333,0.21020227670669556,-1.2213655281811953e-05,-1.1571096365514677e-05,2.1485140323638916,2.1554038524627686,0.20265084505081177,-1.228823202836793e-05
1.1,0.2135818600654602,-1.2224132660776377e-05,-1.1589278983592521e-05,2.1830270290374756,2.1898889541625977,0.20266826450824738,-2.4221903004217893e-05
1.1166666666666667,0.2169613242149353,-1.2319302186369896e-05,-1.1476608960947488e-05,2.2175118923187256,2.224400758743286,0.20265397429466248,-9.687765611943178e-08
1.1333333333333333,0.220340758562088,-1.2393982615321875e-05,-1.0985876542690676e-05,2.252021551132202,2.258885622024536,0.20265837013721466,-7.084163371473551e-06
1.15,0.2237199991941452,-1.2456672266125679e-05,-1.173975397250615e-05,2.286503553390503,2.2933943271636963,0.20264369249343872,-5.0966855269507505e-06
1.1666666666666667,0.22709928452968597,-1.245248131453991e-05,-1.1314455150568392e-05,2.321013927459717,2.32787823677063,0.2026595026254654,-4.568978329189122e-05
1.1833333333333333,0.23047861456871033,-1.2626987881958485e-05,-1.074568172043655e-05,2.3554978370666504,2.362386465072632,0.20264266431331635,7.130853919079527e-05
1.2,0.2338579148054123,-1.2701726518571377e-05,-1.101978705264628e-05,2.3900058269500732,2.39686918258667,0.2026553899049759,2.490571205271408e-06
1.2166666666666666,0.23723724484443665,-1.2894510291516781e-05,-9.434795174456667e-06,2.4244868755340576,2.4313793182373047,0.20264074206352234,-3.1403524189954624e-05
1.2333333333333334,0.24061644077301025,-1.295644324272871e-05,-9.786681403056718e-06,2.458993911743164,2.4658613204956055,0.20265334844589233,-1.0608833690639585e-05
1.25,0.2439957559108734,-1.303298631682992e-05,-9.145725016423967e-06,2.4934771060943604,2.500370740890503,0.2026500403881073,7.029414700809866e-05
1.2666666666666666,0.2473752498626709,-1.3082928489893675e-05,-8.718926437722985e-06,2.527987480163574,2.5348546504974365,0.20265820622444153,2.144696372852195e-05
1.2833333333333332,0.2507544159889221,-1.3074837625026703e-05,-8.818174137559254e-06,2.562469244003296,2.5693647861480713,0.20263923704624176,1.036573030432919e-05
1.3,0.25413382053375244,-1.317064743489027e-05,-8.826844350551255e-06,2.596979856491089,2.603848457336426,0.20265541970729828,-8.76392823556671e-06
1.3166666666666667,0.2575130760669708,-1.323124160990119e-05,-9.577230230206624e-06,2.6314620971679688,2.638357400894165,0.20263983309268951,-2.657838922459632e-05
1.3333333333333333,0.2608923316001892,-1.3233453501015902e-05,-9.130643775279168e-06,2.6659722328186035,2.672839641571045,0.2026505470275879,6.764540012227371e-05
1.35,0.2642715573310852,-1.3310695067048073e-05,-8.857887223712169e-06,2.700453281402588,2.7073495388031006,0.20264437794685364,-5.202691681915894e-06
1.3666666666666667,0.26765087246894836,-1.3342476449906826e-05,-8.934337529353797e-06,2.7349627017974854,2.741832971572876,0.20265540480613708,2.639418926264625e-05
1.3833333333333333,0.2710302770137787,-1.3384036719799042e-05,-8.602851266914513e-06,2.769446611404419,2.7763431072235107,0.20265135169029236,-1.3350741937756538e-05
1.4,0.27440983057022095,-1.3436656445264816e-05,-9.056222552317195e-06,2.803959608078003,2.8108279705047607,0.20267003774642944,5.69838175579207e-06
1.4166666666666667,0.2777893543243408,-1.3498472981154919e-05,-8.712104317964986e-06,2.8384435176849365,2.845339298248291,0.202654629945755,5.745216640207218e-07
1.4333333333333333,0.28116878867149353,-1.3631070032715797e-05,-8.533069376426283e-06,2.8729536533355713,2.8798232078552246,0.2026577740907669,-2.739210867730435e-05
1.45,0.28454798460006714,-1.3635843060910702e-05,-9.590239642420784e-06,2.907435655593872,2.914332151412964,0.20264343917369843,2.6572051865514368e-06
1.4666666666666666,0.28792718052864075,-1.3652897905558348e-05,-9.532107469567563e-06,2.941946029663086,2.9488141536712646,0.20264945924282074,7.808473128534388e-06
1.4833333333333334,0.29130643606185913,-1.3809185475111008e-05,-8.148259439622052e-06,2.976426839828491,2.9833240509033203,0.2026354819536209,-3.6434081266634166e-05
1.5,0.29468560218811035,-1.3942655641585588e-05,-9.086996215046383e-06,3.010935068130493,3.0178041458129883,0.2026493400335312,-1.4530452972394414e-05
1.5166666666666666,0.2980646789073944,-1.3993063475936651e-05,-9.503114597464446e-06,3.0454137325286865,3.0523128509521484,0.20263664424419403,2.008048068091739e-05
1.5333333333333332,0.3014439344406128,-1.4096731320023537e-05,-9.483422218181659e-06,3.079925298690796,3.0867960453033447,0.20264489948749542,-2.1732459572376683e-05
1.55,0.30482298135757446,-1.4124263543635607e-05,-1.0329311407986097e-05,3.1144051551818848,3.121302366256714,0.20263411104679108,1.7973325157072395e-05
1.5666666666666667,0.3082020878791809,-1.4166173059493303e-05,-1.1090029147453606e-05,3.1489145755767822,3.155782699584961,0.20264756679534912,-1.6645712094032206e-05
1.5833333333333333,0.31158122420310974,-1.4296965673565865e-05,-9.696417691884562e-06,3.18339467048645,3.190291404724121,0.20263274013996124,-4.394444476929493e-05
1.6,0.31496039032936096,-1.4375022146850824e-05,-1.0229714462184347e-05,3.2179014682769775,3.224771738052368,0.20264706015586853,-4.218725371174514e-05
1.6166666666666667,0.3183394968509674,-1.453241566196084e-05,-9.004030289361253e-06,3.2523815631866455,3.259279727935791,0.20263318717479706,-2.184157165174838e-05
1.6333333333333333,0.32171866297721863,-1.4647608622908592e-05,-9.752304322319105e-06,3.286888360977173,3.293759822845459,0.2026476263999939,-1.2519300980784465e-05
1.65,0.3250976502895355,-1.4698016457259655e-05,-1.0346776434744243e-05,3.3213675022125244,3.328268527984619,0.2026348114013672,-3.7985337257850915e-06
1.6666666666666667,0.32847684621810913,-1.4741846825927496e-05,-9.634332855057437e-06,3.3558783531188965,3.3627519607543945,0.2026439607143402,6.464246689574793e-05
1.6833333333333333,0.33185598254203796,-1.488125417381525e-05,-8.926630471250974e-06,3.390359401702881,3.3972597122192383,0.20263275504112244,3.5448153994366294e-06
1.7,0.3352350890636444,-1.4955876395106316e-05,-9.422140465176199e-06,3.424866199493408,3.4317405223846436,0.20264644920825958,-1.4427826499741059e-05
1.7166666666666666,0.33861422538757324,-1.5101803001016378e-05,-7.939465831441339e-06,3.4593453407287598,3.466248035430908,0.2026340514421463,2.2434298443840817e-05
1.7333333333333334,0.34199345111846924,-1.5224562957882881e-05,-8.77918500918895e-06,3.493852376937866,3.5007283687591553,0.2026473432779312,-1.9668084860313684e-05
1.75,0.34537234902381897,-1.520925434306264e-05,-9.520929779682774e-06,3.5283308029174805,3.53523588180542,0.20263484120368958,3.424250826356001e-05
1.7666666666666666,0.34875157475471497,-1.528864959254861e-05,-9.166215022560209e-06,3.56284236907959,3.5697181224823,0.20264390110969543,3.4797524222085485e-06
1.7833333333333332,0.35213062167167664,-1.5337893273681402e-05,-9.766657967702486e-06,3.597322940826416,3.604224443435669,0.2026306539773941,4.124951738049276e-05
1.8,0.35550960898399353,-1.5345518477261066e-05,-9.624472113500815e-06,3.6318306922912598,3.6387054920196533,0.20264123380184174,6.229488008102635e-06
1.8166666666666667,0.35888877511024475,-1.5498430002480745e-05,-8.584196621086448e-06,3.666311502456665,3.673212766647339,0.20262955129146576,6.0201262385817245e-05
1.8333333333333333,0.3622678518295288,-1.5545228961855173e-05,-9.219652383762877e-06,3.700817346572876,3.707692861557007,0.20264601707458496,-2.1817410015501082e-05
1.8499999999999999,0.3656468987464905,-1.5660072676837444e-05,-8.170889486791566e-06,3.735297203063965,3.7422003746032715,0.20263251662254333,3.2435647881357e-05
1.8666666666666667,0.3690260648727417,-1.5763856936246157e-05,-8.53012352308724e-06,3.7698042392730713,3.776681900024414,0.20264527201652527,-3.531992115313187e-05
1.8833333333333333,0.3724050521850586,-1.5811005141586065e-05,-8.148343113134615e-06,3.804283380508423,3.8111889362335205,0.2026282250881195,-4.1342831536894664e-05
1.9,0.37578412890434265,-1.588143641129136e-05,-8.614789294369984e-06,3.8387906551361084,3.8456690311431885,0.20264269411563873,-3.5296365240355954e-05
1.9166666666666667,0.37916305661201477,-1.5959085430949926e-05,-8.013835213205311e-06,3.8732690811157227,3.880175828933716,0.2026277780532837,-8.502665878040716e-06
1.9333333333333333,0.3825422525405884,-1.611479092389345e-05,-7.992881364771165e-06,3.907777786254883,3.9146568775177,0.20264369249343872,-7.579762041132199e-06
1.95,0.38592126965522766,-1.6101403161883354e-05,-9.206574759446084e-06,3.94225811958313,3.9491636753082275,0.20263279974460602,3.834537710645236e-05
1.9666666666666666,0.3893004059791565,-1.6175908967852592e-05,-9.671580301073845e-06,3.9767677783966064,3.9836432933807373,0.20264573395252228,-2.2412521502701566e-05
1.9833333333333334,0.39267945289611816,-1.629907637834549e-05,-8.515699846611824e-06,4.011248588562012,4.018151760101318,0.202630415558815,-7.657608512090519e-05
2.0,0.3960586190223694,-1.641374547034502e-05,-8.834334039420355e-06,4.045754432678223,4.052635192871094,0.2026442140340805,-6.759310053894296e-05
2.0166666666666666,0.3994375765323639,-1.6446399968117476e-05,-8.812748092168476e-06,4.080236434936523,4.087140083312988,0.20263521373271942,1.642415372771211e-05
2.033333333333333,0.4028168022632599,-1.6514852177351713e-05,-8.461885954602621e-06,4.114741802215576,4.121622085571289,0.20264703035354614,7.22041295375675e-06
2.05,0.40619587898254395,-1.659221015870571e-05,-7.72649309510598e-06,4.149221897125244,4.156130313873291,0.20263315737247467,1.9899393009836785e-05
2.0666666666666664,0.40957504510879517,-1.670030178502202e-05,-7.965675649757031e-06,4.18372917175293,4.19061279296875,0.202645942568779,-2.0612305888789706e-05
2.0833333333333335,0.41295406222343445,-1.6784528270363808e-05,-7.549095244030468e-06,4.218209266662598,4.225119113922119,0.20263102650642395,-8.146995241986588e-06
2.1,0.4163331389427185,-1.6876554582268e-05,-8.157347110682167e-06,4.252716064453125,4.25960111618042,0.20264503359794617,-3.228167042834684e-05
2.1166666666666667,0.4197121262550354,-1.690693898126483e-05,-8.464491656923201e-06,4.28719425201416,4.294106483459473,0.20263445377349854,3.750725954887457e-05
2.1333333333333333,0.4230913817882538,-1.6982608940452337e-05,-8.068737770372536e-06,4.321703910827637,4.32858943939209,0.2026459276676178,-3.7247968975862022e-06
2.15,0.42647039890289307,-1.6991281881928444e-05,-8.697832527104765e-06,4.356184959411621,4.363096237182617,0.20263126492500305,-7.745615221210755e-06
2.1666666666666665,0.4298494756221771,-1.7077953089028597e-05,-8.381692168768495e-06,4.390692234039307,4.397577285766602,0.20264115929603577,-2.475677501934115e-05
2.183333333333333,0.433228462934494,-1.707900082692504e-05,-9.31056092667859e-06,4.425171375274658,4.432083606719971,0.20263084769248962,-3.148373252770398e-06
2.2,0.4366075396537781,-1.711811637505889e-05,-9.632054570829496e-06,4.459681034088135,4.466564655303955,0.20264391601085663,1.139432697527809e-05
2.216666666666667,0.4399866759777069,-1.724838512018323e-05,-8.504416655341629e-06,4.494161605834961,4.501070976257324,0.2026309370994568,-3.0817376682534814e-05
2.2333333333333334,0.44336584210395813,-1.7345475498586893e-05,-8.669202543387655e-06,4.52866792678833,4.535552978515625,0.2026452273130417,-1.115214399760589e-05
2.25,0.44674479961395264,-1.7358222976326942e-05,-9.36150081543019e-06,4.563146591186523,4.570059299468994,0.20263327658176422,-2.494108775863424e-05
2.2666666666666666,0.45012402534484863,-1.740921288728714e-05,-8.628187060821801e-06,4.597655296325684,4.6045427322387695,0.20264336466789246,6.058514554752037e-05
2.283333333333333,0.4535031020641327,-1.7501122783869505e-05,-8.674317541590426e-06,4.632137775421143,4.639050483703613,0.2026318609714508,-1.4331193597172387e-05
2.3,0.45688220858573914,-1.755310222506523e-05,-8.813089152681641e-06,4.666643142700195,4.673531532287598,0.20264697074890137,-1.0163521437789313e-05
2.3166666666666664,0.4602612257003784,-1.75948953256011e-05,-8.377982339879964e-06,4.701123237609863,4.708038330078125,0.20263060927391052,-4.832560443901457e-05
2.3333333333333335,0.4636403024196625,-1.769460504874587e-05,-8.456368050246965e-06,4.735629558563232,4.742520332336426,0.20264139771461487,-8.72672171681188e-06
2.35,0.46701934933662415,-1.7750600818544626e-05,-8.39313906908501e-06,4.770110130310059,4.7770256996154785,0.20262692868709564,4.988739237887785e-05
2.3666666666666667,0.4703984558582306,-1.7766200471669436e-05,-7.888368600106332e-06,4.804615497589111,4.811507225036621,0.20264172554016113,-1.0356862730986904e-05
2.3833333333333333,0.4737774431705475,-1.7794605810195208e-05,-8.15143357613124e-06,4.839096546173096,4.846012592315674,0.20262613892555237,6.481689342763275e-05
2.4,0.47715672850608826,-1.7788843251764774e-05,-8.398087629757356e-06,4.873604774475098,4.8804931640625,0.20265066623687744,1.7133870642283e-05
2.4166666666666665,0.48053601384162903,-1.7785641830414534e-05,-7.906543032731861e-06,4.90808629989624,4.915004730224609,0.2026483118534088,1.4875134866088047e-06
2.433333333333333,0.4839155077934265,-1.7808633856475353e-05,-7.576370535389287e-06,4.942597389221191,4.949489593505859,0.20266787707805634,-3.738380837603472e-05
2.45,0.4872947931289673,-1.7870450392365456e-05,-7.688963705732021e-06,4.977081775665283,4.983999252319336,0.20264731347560883,-1.290181990043493e-05
2.466666666666667,0.4906741976737976,-1.7951475456357002e-05,-7.361693860730156e-06,5.011589527130127,5.018483638763428,0.20265327394008636,1.4432089301408269e-05
2.4833333333333334,0.49405336380004883,-1.7961603589355946e-05,-8.138837984006386e-06,5.0460710525512695,5.0529913902282715,0.20263919234275818,-4.015423473902047e-05
2.5,0.49743252992630005,-1.8030114006251097e-05,-8.326868737640325e-06,5.080581188201904,5.0874738693237305,0.20265153050422668,-2.9580888849523035e-07
2.5166666666666666,0.5008116364479065,-1.8079066649079323e-05,-8.106903806037735e-06,5.115062713623047,5.121980667114258,0.20263610780239105,-1.6343457900802605e-05
2.533333333333333,0.5041908621788025,-1.811189576983452e-05,-7.429165634675883e-06,5.1495680809021,5.156463623046875,0.20264744758605957,1.9191897990822326e-06
2.55,0.5075700283050537,-1.81507202796638e-05,-8.394907126785256e-06,5.1840500831604,5.190971374511719,0.20263522863388062,3.0090948712313548e-05
2.5666666666666664,0.5109493136405945,-1.8152582924813032e-05,-7.796216777933296e-06,5.218558311462402,5.225455284118652,0.2026534527540207,-1.3702332353204838e-06
2.5833333333333335,0.5143285989761353,-1.821748446673155e-05,-7.355185061896918e-06,5.2530412673950195,5.259963035583496,0.20264485478401184,-2.8887712687719613e-05
2.6,0.5177079439163208,-1.8260907381772995e-05,-7.549213023594348e-06,5.2875494956970215,5.2944464683532715,0.20266161859035492,-3.919094888260588e-05
2.6166666666666667,0.5210873484611511,-1.8301652744412422e-05,-7.431542599078966e-06,5.322033882141113,5.328958988189697,0.20265315473079681,-1.1383470337023027e-05
2.6333333333333333,0.5244669318199158,-1.8397520761936903e-05,-7.391355666186428e-06,5.356545448303223,5.363444805145264,0.20266613364219666,1.1435100532253273e-05
2.65,0.5278463363647461,-1.8385762814432383e-05,-7.766395356156863e-06,5.391030311584473,5.397953510284424,0.20264437794685364,2.364063220738899e-05
2.6666666666666665,0.5312256217002869,-1.8435472156852484e-05,-7.747293238935526e-06,5.425541877746582,5.432437419891357,0.20265518128871918,-2.3089356545824558e-05
2.683333333333333,0.5346049070358276,-1.855107257142663e-05,-7.246486347867176e-06,5.460025310516357,5.466944694519043,0.20264023542404175,2.5114359232247807e-05
2.7,0.5379841923713684,-1.8665799871087074e-05,-7.571831247332739e-06,5.494532585144043,5.501427173614502,0.20265308022499084,-3.5282930184621364e-05
2.716666666666667,0.5413631796836853,-1.8659397028386593e-05,-8.455654096906073e-06,5.529013633728027,5.535934925079346,0.20264093577861786,3.258309152442962e-05
2.7333333333333334,0.5447425842285156,-1.8704740796238184e-05,-7.920621101220604e-06,5.563523292541504,5.570419788360596,0.20264887809753418,2.5552144506946206e-05
2.75,0.5481216907501221,-1.8784368876367807e-05,-8.8731394498609e-06,5.598004341125488,5.604926109313965,0.2026369571685791,2.3853741367929615e-05
2.7666666666666666,0.5515010356903076,-1.8697348423302174e-05,-7.97378561401274e-06,5.632513523101807,5.639410495758057,0.20265787839889526,1.567523941048421e-05
2.783333333333333,0.5548804402351379,-1.876713940873742e-05,-8.029436685319524e-06,5.66699743270874,5.673920631408691,0.2026539146900177,1.7050368228410662e-07
2.8,0.5582598447799683,-1.882569631561637e-05,-8.23779555503279e-06,5.701508045196533,5.708405017852783,0.20265930891036987,4.377784352982417e-05
2.8166666666666664,0.5616390705108643,-1.8832623027265072e-05,-8.447394066024572e-06,5.735990524291992,5.742912769317627,0.20264361798763275,2.113722075591795e-05
2.8333333333333335,0.5650184154510498,-1.8945662304759026e-05,-8.69462382979691e-06,5.770501136779785,5.7773966789245605,0.20265346765518188,1.8485719920136034e-05
2.85,0.568397581577301,-1.8977501895278692e-05,-7.818511221557856e-06,5.8049821853637695,5.811905384063721,0.20263636112213135,-8.454728231299669e-05
2.8666666666666667,0.5717768669128418,-1.907668774947524e-05,-7.738162821624428e-06,5.839489936828613,5.8463897705078125,0.20264849066734314,-7.255493255797774e-05
2.8833333333333333,0.5751559734344482,-1.9125291146337986e-05,-8.181476005120203e-06,5.873971939086914,5.880895137786865,0.20263753831386566,3.1957354167388985e-06
2.9,0.5785351395606995,-1.921685179695487e-05,-8.442967555311043e-06,5.908480167388916,5.915377616882324,0.20264944434165955,-2.9862421797588468e-06
2.9166666666666665,0.5819144248962402,-1.9355269614607096e-05,-7.2656453085073736e-06,5.942962169647217,5.949885845184326,0.20263652503490448,2.373321149207186e-05
2.933333333333333,0.585293710231781,-1.9506376702338457e-05,-8.123688530758955e-06,5.977469444274902,5.984367847442627,0.2026505470275879,1.9083439838141203e-05
2.95,0.5886726379394531,-1.9497063476592302e-05,-8.686985893291421e-06,6.011949062347412,6.018873691558838,0.20263689756393433,1.8588461898616515e-05
2.966666666666667,0.5920520424842834,-1.9576167687773705e-05,-7.795821147738025e-06,6.046456813812256,6.05335807800293,0.20264533162117004,3.591047789086588e-05
2.9833333333333334,0.5954310297966003,-1.9578670617192984e-05,-9.398926522408146e-06,6.080939292907715,6.087864398956299,0.2026347517967224,2.7438863980933093e-05
3.0,0.5988102555274963,-1.9537867046892643e-05,-8.681381586939096e-06,6.115445613861084,6.122349262237549,0.20264552533626556,0.0001540450903121382
3.0166666666666666,0.6021895408630371,-1.9488856196403503e-05,-9.467383279115893e-06,6.149929046630859,6.156856060028076,0.2026439756155014,9.648053674027324e-05
3.033333333333333,0.6055690050125122,-1.949869329109788e-05,-9.245950423064642e-06,6.184440612792969,6.191339492797852,0.2026664912700653,2.6237166821374558e-05
3.05,0.608948290348053,-1.9583909306675196e-05,-9.203491572407074e-06,6.218924522399902,6.225849628448486,0.20264767110347748,-9.379376933793537e-06
3.0666666666666664,0.6123276948928833,-1.963617978617549e-05,-9.283661711378954e-06,6.253432273864746,6.260333061218262,0.20265786349773407,-3.9193218981381506e-06
3.0833333333333335,0.6157069206237793,-1.9695551600307226e-05,-9.18977184483083e-06,-6.278456211090088,-6.271529674530029,0.2026398777961731,3.286567152827047e-05
3.1,0.6190863847732544,-1.9681116100400686e-05,-9.199573469231836e-06,-6.243946552276611,-6.237046241760254,0.20266008377075195,-3.363174619153142e-05
3.1166666666666667,0.6224657297134399,-1.9757484551519156e-05,-8.685970897204243e-06,-6.209463119506836,-6.2025346755981445,0.2026486098766327,2.9176202588132583e-05
3.1333333333333333,0.6258452534675598,-1.977552892640233e-05,-8.141284524754155e-06,-6.174953937530518,-6.1680498123168945,0.20265668630599976,4.02704426960554e-05
3.15,0.629224419593811,-1.9758124835789204e-05,-7.817367077223025e-06,-6.1404709815979,-6.13353967666626,0.20264099538326263,2.7453727398096817e-06
3.1666666666666665,0.6326037645339966,-1.985911512747407e-05,-7.098421065165894e-06,-6.105964183807373,-6.099056243896484,0.20265188813209534,2.404233964625746e-05
3.183333333333333,0.6359829306602478,-1.9804632756859064e-05,-8.60566069604829e-06,-6.071481704711914,-6.064548969268799,0.2026360183954239,-1.2526394129963592e-05
3.2,0.639362096786499,-1.989520387724042e-05,-8.117172001220752e-06,-6.036972522735596,-6.030065536499023,0.2026495337486267,-2.691281770239584e-05
3.216666666666667,0.6427412033081055,-1.990847522392869e-05,-9.828690053836908e-06,-6.0024895668029785,-5.99556303024292,0.20263752341270447,-2.0047662474098615e-05
3.2333333333333334,0.646120548248291,-1.9895320292562246e-05,-9.016624971991405e-06,-5.96798038482666,-5.961079120635986,0.2026541829109192,-5.5500964663224295e-05
3.25,0.649499773979187,-1.9884202629327774e-05,-9.458039130549878e-06,-5.933496475219727,-5.926570415496826,0.20264413952827454,-5.793327545688953e-06
3.2666666666666666,0.6528791189193726,-1.9975006580352783e-05,-9.223555025528185e-06,-5.898987770080566,-5.892087936401367,0.2026589810848236,-0.00013118285278324038
3.283333333333333,0.6562583446502686,-1.99353089556098e-05,-1.0375463716627564e-05,-5.864504814147949,-5.857577800750732,0.2026439905166626,-3.3328869903925806e-05
3.3,0.6596375703811646,-2.003641566261649e-05,-1.1058916243200656e-05,-5.829994201660156,-5.823095321655273,0.20265507698059082,-1.2229634194227401e-05
3.3166666666666664,0.6630167961120605,-2.009246964007616e-05,-1.168972721643513e-05,-5.79551362991333,-5.788588523864746,0.2026403695344925,-6.579549517482519e-05
3.3333333333333335,0.6663961410522461,-2.0144740119576454e-05,-1.1298857316432986e-05,-5.761000156402588,-5.754104137420654,0.20264780521392822,-1.3688021681446116e-05
3.35,0.6697753071784973,-2.021383261308074e-05,-1.1480547982500866e-05,-5.7265167236328125,-5.7195963859558105,0.2026391178369522,5.3460658818949014e-05
3.3666666666666667,0.6731545925140381,-2.032564952969551e-05,-1.1170674042659812e-05,-5.692009925842285,-5.685111999511719,0.20264704525470734,5.531096758204512e-05
3.3833333333333333,0.6765336990356445,-2.034578938037157e-05,-1.2156285265518818e-05,-5.657529354095459,-5.650606632232666,0.2026383876800537,3.538489545462653e-05
3.4,0.6799130439758301,-2.034613862633705e-05,-1.1443812582001556e-05,-5.623020648956299,-5.616123199462891,0.20264765620231628,0.00012861656432505697
3.4166666666666665,0.6832923293113708,-2.041511470451951e-05,-1.1033831469831057e-05,-5.588538646697998,-5.581613063812256,0.20264634490013123,-7.839541467546951e-06
3.433333333333333,0.6866717338562012,-2.046412555500865e-05,-1.148061164712999e-05,-5.554028511047363,-5.547130584716797,0.2026672065258026,1.664104388510168e-06
3.4499999999999997,0.6900511384010315,-2.0498177036643028e-05,-1.163891010946827e-05,-5.51954460144043,-5.512619972229004,0.20265404880046844,-2.3805003365851007e-05
3.466666666666667,0.6934308409690857,-2.0571518689393997e-05,-1.1500058462843299e-05,-5.485032081604004,-5.478132724761963,0.20266538858413696,2.1674268282367848e-05
3.4833333333333334,0.6968101263046265,-2.0614592358469963e-05,-1.1595282558118924e-05,-5.450546741485596,-5.443624496459961,0.20264452695846558,2.0008599676657468e-05
3.5,0.700189471244812,-2.0728795789182186e-05,-1.1426302990003023e-05,-5.416040420532227,-5.4091410636901855,0.2026522010564804,1.5813027403055457e-06
3.5166666666666666,0.703568696975708,-2.068991307169199e-05,-1.2426563444023486e-05,-5.3815598487854,-5.374634742736816,0.20263846218585968,-1.4599149835703429e-05
3.533333333333333,0.706947922706604,-2.0761683117598295e-05,-1.282965240534395e-05,-5.347050189971924,-5.340153217315674,0.2026503086090088,6.691111593681853e-06
3.55,0.7103270888328552,-2.0926352590322495e-05,-1.1278634701739065e-05,-5.312570095062256,-5.305642604827881,0.20263589918613434,-5.825305197504349e-05
3.5666666666666664,0.7137063145637512,-2.108473563566804e-05,-1.1590689609874971e-05,-5.278062343597412,-5.271159648895264,0.20264793932437897,-7.284794992301613e-05
3.5833333333333335,0.7170853614807129,-2.109282650053501e-05,-1.2359366337477695e-05,-5.243582248687744,-5.236654281616211,0.20263542234897614,-6.106941873440519e-05
3.6,0.7204645872116089,-2.1165586076676846e-05,-1.221773254656e-05,-5.209072589874268,-5.202170372009277,0.20264868438243866,-2.542185757192783e-05
3.6166666666666667,0.7238436937332153,-2.1261977963149548e-05,-1.1747528333216906e-05,-5.174590110778809,-5.16766357421875,0.20263490080833435,1.0442659004183952e-05
3.6333333333333333,0.7272229194641113,-2.132460940629244e-05,-1.2454553143470548e-05,-5.140085697174072,-5.133182048797607,0.2026493102312088,-1.4486217878584284e-05
3.65,0.7306020855903625,-2.150342334061861e-05,-1.0722800652729347e-05,-5.105605125427246,-5.098672866821289,0.20263253152370453,-0.00011833501048386097
3.6666666666666665,0.733981192111969,-2.1665531676262617e-05,-1.15191933218739e-05,-5.071098327636719,-5.0641913414001465,0.20264753699302673,-2.3514172426075675e-05
3.683333333333333,0.7373601794242859,-2.1699292119592428e-05,-1.2132803931308445e-05,-5.036619186401367,-5.02968692779541,0.20263683795928955,-1.4486919098999351e-05
3.6999999999999997,0.7407394051551819,-2.1759537048637867e-05,-1.1827283742604777e-05,-5.002109050750732,-4.995203018188477,0.20264601707458496,3.4232798498123884e-05
3.716666666666667,0.7441185712814331,-2.1896441467106342e-05,-1.1245228961342946e-05,-4.967627048492432,-4.960695266723633,0.20263248682022095,-1.0412168194307014e-05
3.7333333333333334,0.7474977374076843,-2.2002204786986113e-05,-1.1565132808755152e-05,-4.933119297027588,-4.926213264465332,0.20264627039432526,-1.0093607670569327e-05
3.75,0.7508768439292908,-2.2041494958102703e-05,-1.1311161870253272e-05,-4.898636817932129,-4.891705513000488,0.20263966917991638,6.450116052292287e-05
3.7666666666666666,0.7542561292648315,-2.2143125534057617e-05,-1.0781265700643416e-05,-4.864130973815918,-4.8572211265563965,0.20264822244644165,-1.0786198799905833e-05
3.783333333333333,0.7576353549957275,-2.2157561033964157e-05,-1.1181296031281818e-05,-4.829646587371826,-4.822713851928711,0.2026398926973343,1.8105118215316907e-05
3.8,0.7610146403312683,-2.226943615823984e-05,-1.0924558409897145e-05,-4.795137882232666,-4.788229942321777,0.20264610648155212,0.00014335753803607076
3.8166666666666664,0.7643938064575195,-2.2266642190515995e-05,-1.1715160326275509e-05,-4.760656833648682,-4.753721237182617,0.20263764262199402,2.2382428142009303e-06
3.8333333333333335,0.7677730917930603,-2.2380962036550045e-05,-1.1598027413128875e-05,-4.726146221160889,-4.71923828125,0.20264677703380585,4.057143087266013e-06
3.85,0.771152138710022,-2.2404768969863653e-05,-1.250588411494391e-05,-4.691665172576904,-4.684730529785156,0.20263466238975525,2.6566469841782236e-06
3.8666666666666667,0.774531364440918,-2.247322117909789e-05,-1.2048222743032966e-05,-4.657156944274902,-4.650247097015381,0.20264258980751038,6.168746767798439e-05
3.8833333333333333,0.7779103517532349,-2.2475840523838997e-05,-1.2958232218807098e-05,-4.622676849365234,-4.61574125289917,0.2026333510875702,3.865689450321952e-06
3.9,0.7812894582748413,-2.2566178813576698e-05,-1.2777225492754951e-05,-4.588169097900391,-4.581259250640869,0.20264139771461487,0.000104763254057616
3.9166666666666665,0.7846685647964478,-2.2568332497030497e-05,-1.3463799405144528e-05,-4.553689002990723,-4.546752452850342,0.20263107120990753,-0.00010097737686010078
3.933333333333333,0.788047730922699,-2.263049827888608e-05,-1.3283524822327308e-05,-4.519179821014404,-4.512269496917725,0.2026456594467163,1.916499786602799e-05
3.9499999999999997,0.7914267182350159,-2.2789521608501673e-05,-1.2372135643090587e-05,-4.484698295593262,-4.477762699127197,0.2026345133781433,2.6102674382855184e-05
3.966666666666667,0.7948059439659119,-2.2909429389983416e-05,-1.3123254575475585e-05,-4.450192928314209,-4.443280220031738,0.20264962315559387,-6.525957360281609e-06
3.9833333333333334,0.7981849312782288,-2.2940803319215775e-05,-1.3823247172695119e-05,-4.415713787078857,-4.408774375915527,0.20263682305812836,7.166548130044248e-06
4.0,0.8015641570091248,-2.2988126147538424e-05,-1.3310715985426214e-05,-4.3812031745910645,-4.374290466308594,0.20264512300491333,3.322664997540414e-05
4.016666666666667,0.8049435019493103,-2.3075321223586798e-05,-1.376308409817284e-05,-4.346720218658447,-4.339780807495117,0.20263700187206268,-3.0825981411908288e-06
4.033333333333333,0.8083226680755615,-2.314971061423421e-05,-1.4050486242922489e-05,-4.312211036682129,-4.305298805236816,0.20265014469623566,-3.7266581784933805e-05
4.05,0.8117020130157471,-2.324639353901148e-05,-1.3874770957045257e-05,-4.2777276039123535,-4.270791530609131,0.2026422768831253,2.897414015023969e-05
4.066666666666666,0.8150812983512878,-2.3323867935687304e-05,-1.3361672245082445e-05,-4.243218898773193,-4.236306667327881,0.2026509791612625,1.9655142295960104e-06
4.083333333333333,0.8184604644775391,-2.3488712031394243e-05,-1.3354198927117977e-05,-4.208734512329102,-4.201798439025879,0.20264120399951935,8.447197615168989e-05
4.1,0.8218398690223694,-2.3575848899781704e-05,-1.290472391701769e-05,-4.174228668212891,-4.167313575744629,0.20264995098114014,2.5219813323928975e-05
4.116666666666666,0.8252189755439758,-2.3568456526845694e-05,-1.4049942365090828e-05,-4.139746189117432,-4.132807731628418,0.2026364952325821,-5.0872295105364174e-05
4.133333333333333,0.8285982012748718,-2.3618631530553102e-05,-1.3825005225953646e-05,-4.105236530303955,-4.098324298858643,0.20265190303325653,-2.124159800587222e-05
4.15,0.831977367401123,-2.3667234927415848e-05,-1.3058583135716617e-05,-4.070754051208496,-4.063816070556641,0.20263727009296417,-3.813998409896158e-05
4.166666666666667,0.8353565335273743,-2.380192745476961e-05,-1.394928949594032e-05,-4.036248683929443,-4.02933406829834,0.20265066623687744,-1.0038177606475074e-05
4.183333333333334,0.8387356400489807,-2.3849483113735914e-05,-1.4648159776697867e-05,-4.001769542694092,-3.9948272705078125,0.20263886451721191,1.2551066902233288e-05
4.2,0.8421149253845215,-2.3921311367303133e-05,-1.4316963643068448e-05,-3.9672577381134033,-3.9603443145751953,0.20264749228954315,4.763948879826785e-07
4.216666666666667,0.8454940915107727,-2.4000590201467276e-05,-1.4588412341254298e-05,-3.93277645111084,-3.9258370399475098,0.20263612270355225,-9.967649020836689e-06
4.233333333333333,0.8488734364509583,-2.39968067035079e-05,-1.3823269910062663e-05,-3.898268222808838,-3.8913538455963135,0.2026536911725998,1.2155455806350801e-05
4.25,0.8522526025772095,-2.4090055376291275e-05,-1.4604861462430563e-05,-3.8637869358062744,-3.856844425201416,0.2026403397321701,2.0899862647638656e-05
4.266666666666667,0.8556317090988159,-2.4164386559277773e-05,-1.4313664905785117e-05,-3.8292770385742188,-3.8223624229431152,0.20264804363250732,4.71441526315175e-05
4.283333333333333,0.8590106964111328,-2.4166482035070658e-05,-1.569610867591109e-05,-3.7947962284088135,-3.7878568172454834,0.20263873040676117,-8.487051673000678e-06
4.3,0.862389862537384,-2.4157867301255465e-05,-1.4961140550440177e-05,-3.760284423828125,-3.753373146057129,0.20264729857444763,0.00011893593182321638
4.316666666666666,0.8657693862915039,-2.4156353902071714e-05,-1.51171525430982e-05,-3.725799322128296,-3.718864679336548,0.20264852046966553,6.718461918353569e-06
4.333333333333333,0.869148850440979,-2.4164095520973206e-05,-1.4907037439115811e-05,-3.691288471221924,-3.684380054473877,0.20266687870025635,-2.4573619157308713e-05
4.35,0.8725284934043884,-2.4243141524493694e-05,-1.5007990441517904e-05,-3.656803607940674,-3.6498665809631348,0.20265784859657288,8.556736247555818e-06
4.366666666666666,0.8759080767631531,-2.433540066704154e-05,-1.4145880413707346e-05,-3.62229061126709,-3.6153814792633057,0.20266401767730713,1.3188695447752252e-05
4.383333333333333,0.8792874813079834,-2.4398788809776306e-05,-1.5520159649895504e-05,-3.587805986404419,-3.5808727741241455,0.20264719426631927,7.078168709995225e-05
4.4,0.882666826248169,-2.4455541279166937e-05,-1.5119469026103616e-05,-3.5532948970794678,-3.546388864517212,0.202663853764534,-5.492789205163717e-05
4.416666666666667,0.8860461711883545,-2.4543434847146273e-05,-1.626758967177011e-05,-3.518810510635376,-3.511880874633789,0.20264840126037598,1.4478380762739107e-05
4.433333333333334,0.8894256353378296,-2.449302701279521e-05,-1.554133450554218e-05,-3.484300374984741,-3.47739577293396,0.20266354084014893,1.7229718650924042e-05
4.45,0.8928050398826599,-2.4571665562689304e-05,-1.5845760572119616e-05,-3.4498159885406494,-3.442883253097534,0.2026568502187729,-4.173558863840299e-06
4.466666666666667,0.8961847424507141,-2.454302739351988e-05,-1.5201454516500235e-05,-3.415304183959961,-3.408395767211914,0.20267467200756073,-1.1649382940959185e-05
4.483333333333333,0.8995643854141235,-2.4643901269882917e-05,-1.5424440789502114e-05,-3.3808159828186035,-3.3738818168640137,0.20265871286392212,3.540492252795957e-05
4.5,0.9029439091682434,-2.4688546545803547e-05,-1.4720179024152458e-05,-3.3463034629821777,-3.33939528465271,0.2026640772819519,5.601390148513019e-05
4.516666666666667,0.9063235521316528,-2.4713401217013597e-05,-1.5044812244013883e-05,-3.311817169189453,-3.3048837184906006,0.2026577591896057,6.77949792589061e-05
4.533333333333333,0.9097030758857727,-2.4827895686030388e-05,-1.5353634807979688e-05,-3.2773022651672363,-3.2703986167907715,0.2026711106300354,1.4962580280553084e-05
4.55,0.9130825996398926,-2.488936297595501e-05,-1.4619701687479392e-05,-3.2428181171417236,-3.235888957977295,0.20265117287635803,-4.03704252676107e-05
4.566666666666666,0.9164620041847229,-2.4972774554044008e-05,-1.4630471014243085e-05,-3.208308458328247,-3.201404333114624,0.20266155898571014,-1.876714486570563e-05
4.583333333333333,0.9198414087295532,-2.5086861569434404e-05,-1.3930440218246076e-05,-3.17382550239563,-3.166893243789673,0.20264440774917603,-1.1971377716690768e-05
4.6,0.9232206344604492,-2.5211309548467398e-05,-1.4270473911892623e-05,-3.1393160820007324,-3.1324102878570557,0.20265476405620575,-2.179722832806874e-05
4.616666666666666,0.9265998005867004,-2.531928475946188e-05,-1.3799826774629764e-05,-3.1048357486724854,-3.097902297973633,0.20263661444187164,-7.441423804266378e-06
4.633333333333333,0.9299790263175964,-2.5400775484740734e-05,-1.4229585758585017e-05,-3.070326805114746,-3.0634212493896484,0.20264852046966553,2.005162059504073e-06
4.65,0.9333581924438477,-2.5411194656044245e-05,-1.383750350214541e-05,-3.0358455181121826,-3.0289127826690674,0.20263537764549255,1.889383952402568e-06
4.666666666666667,0.9367374181747437,-2.5465968064963818e-05,-1.4289799764810596e-05,-3.001336097717285,-2.994429349899292,0.20265623927116394,7.682926479901653e-06
4.683333333333334,0.9401166439056396,-2.5609740987420082e-05,-1.3096177099214401e-05,-2.9668543338775635,-2.95992112159729,0.20264102518558502,-5.3112462410354055e-06
4.7,0.9434959292411804,-2.5712244678288698e-05,-1.3332868547877297e-05,-2.9323480129241943,-2.92543888092041,0.20265373587608337,-1.4800924645896885e-06
4.716666666666667,0.9468750953674316,-2.5791232474148273e-05,-1.2828487342630979e-05,-2.8978679180145264,-2.8909311294555664,0.20263691246509552,3.572798959794454e-05
4.733333333333333,0.9502542614936829,-2.5906600058078766e-05,-1.2544261153379921e-05,-2.863358497619629,-2.8564486503601074,0.20264656841754913,1.7673099819148774e-06
4.75,0.9536333084106445,-2.5963294319808483e-05,-1.3114430657878984e-05,-2.828878879547119,-2.8219428062438965,0.20263531804084778,8.497442649968434e-06
4.766666666666667,0.9570125937461853,-2.6134424842894077e-05,-1.3352189853321761e-05,-2.79436993598938,-2.787461757659912,0.20264746248722076,-3.9759215724188834e-05
4.783333333333333,0.9603915214538574,-2.613360993564129e-05,-1.3990108527650591e-05,-2.7598910331726074,-2.752955913543701,0.202634796500206,1.7809717974159867e-05
4.8,0.9637707471847534,-2.6253925170749426e-05,-1.4381989785761107e-05,-2.72538161277771,-2.718475103378296,0.20264653861522675,-1.591245199961122e-05
4.816666666666666,0.9671496748924255,-2.6367779355496168e-05,-1.349936155747855e-05,-2.690901041030884,-2.683966636657715,0.20263169705867767,-4.839646862819791e-06
4.833333333333333,0.9705287218093872,-2.6482040993869305e-05,-1.401629651809344e-05,-2.6563968658447266,-2.6494855880737305,0.20264588296413422,-3.44643704011105e-05
4.85,0.9739078879356384,-2.6642577722668648e-05,-1.3098688214085996e-05,-2.6219162940979004,-2.614980459213257,0.20263394713401794,-6.307944204309024e-06
4.866666666666666,0.9772869944572449,-2.672959817573428e-05,-1.341306597169023e-05,-2.5874083042144775,-2.5804998874664307,0.20264703035354614,4.724581231130287e-06
4.883333333333333,0.9806661009788513,-2.6925583370029926e-05,-1.1934784197364934e-05,-2.5529279708862305,-2.545992374420166,0.20263424515724182,-2.955093623313587e-05
4.9,0.9840453267097473,-2.7039670385420322e-05,-1.2618946129805408e-05,-2.5184218883514404,-2.511512279510498,0.20264939963817596,-9.794916877581272e-06
4.916666666666667,0.9874245524406433,-2.713868161663413e-05,-1.2023194358334877e-05,-2.483942747116089,-2.477001667022705,0.20263603329658508,1.1748511496989522e-05
4.933333333333334,0.9908038973808289,-2.72984616458416e-05,-1.1946307495236397e-05,-2.4494311809539795,-2.442518949508667,0.20264866948127747,-6.109904916229425e-06
4.95,0.9941830635070801,-2.7364585548639297e-05,-1.3273388503876049e-05,-2.4149491786956787,-2.408010959625244,0.2026355266571045,-6.07119727646932e-06
4.966666666666667,0.9975621104240417,-2.7360860258340836e-05,-1.3278871847433038e-05,-2.3804402351379395,-2.3735296726226807,0.20264780521392822,1.2609644954864052e-06
4.983333333333333,1.000941276550293,-2.7423317078500986e-05,-1.3638500604429282e-05,-2.3459575176239014,-2.339022636413574,0.20264488458633423,-1.314894234383246e-05
