host_time_s,phase,seq,mcu_time_ms,dt_us,mode,flags,left_setpoint_rps,right_setpoint_rps,left_wheel_rps,right_wheel_rps,left_encoder_delta,right_encoder_delta,left_encoder_total,right_encoder_total,left_pwm,right_pwm,odom_x_m,odom_y_m,odom_heading_rad,current_linear_mps,current_angular_rps,sonar_distance_cm,left_setpoint_dbg,left_measured_dbg,left_error,left_p,left_i,left_ff,left_pid_out,left_out,right_setpoint_dbg,right_measured_dbg,right_error,right_p,right_i,right_ff,right_pid_out,right_out
0.734737,left_вперёд,480,12125,24868,2,0,0.000000,0.000000,0.000000,0.000000,0,0,0,0,120,0,0.000000,0.000000,0.000000,0.000000,0.000000,-1,,,,,,,,,,,,,,,,
0.759186,left_вперёд,481,12150,24984,2,0,0.000000,0.000000,0.000000,0.874686,0,5,0,6,120,0,0.001648,0.000014,0.016899,0.065950,0.676408,-1,,,,,,,,,,,,,,,,
0.784348,left_вперёд,482,12175,24992,2,0,0.000000,0.000000,0.000000,2.798098,0,16,0,21,120,0,0.006915,0.000246,0.070977,0.210972,2.163812,-1,,,,,,,,,,,,,,,,
0.809594,left_вперёд,483,12200,25020,2,0,0.000000,0.000000,0.000000,3.493709,0,20,0,42,120,0,0.013470,0.000935,0.138575,0.263419,2.701738,-1,,,,,,,,,,,,,,,,
0.835071,left_вперёд,484,12225,25004,2,0,0.000000,0.000000,0.000000,3.845539,0,22,0,63,120,0,0.020608,0.002202,0.212932,0.289947,2.973813,-1,,,,,,,,,,,,,,,,
0.860172,left_вперёд,485,12251,24996,2,0,0.000000,0.000000,0.000000,3.671916,0,21,0,85,120,0,0.027316,0.003904,0.283909,0.276856,2.839549,-1,,,,,,,,,,,,,,,,
0.885662,left_вперёд,486,12275,24984,2,0,0.000000,0.000000,0.000000,3.848617,0,22,0,107,120,0,0.034195,0.006192,0.358267,0.290179,2.976194,-1,,,,,,,,,,,,,,,,
0.911246,left_вперёд,487,12300,25008,2,0,0.000000,0.000000,0.000000,3.844923,0,22,0,129,120,0,0.040885,0.008985,0.432624,0.289900,2.973338,-1,,,,,,,,,,,,,,,,
0.936163,left_вперёд,488,12325,24988,2,0,0.000000,0.000000,0.000000,4.022910,0,23,0,152,120,0,0.047638,0.012427,0.510361,0.303320,3.110977,-1,,,,,,,,,,,,,,,,
0.961838,left_вперёд,489,12350,25016,2,0,0.000000,0.000000,0.000000,4.018407,0,23,0,175,120,0,0.054102,0.016384,0.588098,0.302981,3.107496,-1,,,,,,,,,,,,,,,,
0.986845,left_вперёд,490,12376,25008,2,0,0.000000,0.000000,0.000000,4.194462,0,24,0,199,120,0,0.060499,0.021035,0.669215,0.316255,3.243641,-1,,,,,,,,,,,,,,,,
1.012108,left_вперёд,491,12400,24980,2,0,0.000000,0.000000,0.000000,4.024199,0,23,0,222,120,0,0.066257,0.025964,0.746952,0.303417,3.111974,-1,,,,,,,,,,,,,,,,
1.037153,left_вперёд,492,12425,25020,2,0,0.000000,0.000000,0.000000,4.192451,0,24,0,246,120,0,0.071837,0.031569,0.828069,0.316103,3.242086,-1,,,,,,,,,,,,,,,,
1.063038,left_вперёд,493,12450,24980,2,0,0.000000,0.000000,0.000000,4.199164,0,24,0,270,120,0,0.076945,0.037607,0.909186,0.316610,3.247277,-1,,,,,,,,,,,,,,,,
1.088529,left_вперёд,494,12475,25016,2,0,0.000000,0.000000,0.000000,4.367834,0,25,0,294,120,0,0.081728,0.044315,0.993683,0.329327,3.377712,-1,,,,,,,,,,,,,,,,
1.113659,left_вперёд,495,12500,24984,2,0,0.000000,0.000000,0.000000,4.198491,0,24,0,319,120,0,0.085771,0.051112,1.074800,0.316559,3.246757,-1,,,,,,,,,,,,,,,,
1.139278,left_вперёд,496,12525,25000,2,0,0.000000,0.000000,0.000000,4.195804,0,24,0,343,120,0,0.089250,0.058215,1.155917,0.316356,3.244679,-1,,,,,,,,,,,,,,,,
1.162320,left_вперёд,497,12550,25008,2,0,0.000000,0.000000,0.000000,4.369231,0,25,0,368,120,0,0.092249,0.065888,1.240414,0.329432,3.378793,-1,,,,,,,,,,,,,,,,
1.190201,left_вперёд,498,12575,24988,2,0,0.000000,0.000000,0.000000,4.372728,0,25,0,393,120,0,0.094590,0.073787,1.324911,0.329696,3.381497,-1,,,,,,,,,,,,,,,,
1.214934,left_вперёд,499,12600,25012,2,0,0.000000,0.000000,0.000000,4.543274,0,26,0,419,120,0,0.096309,0.082181,1.412787,0.342555,3.513383,-1,,,,,,,,,,,,,,,,
1.239930,left_вперёд,500,12625,24992,2,0,0.000000,0.000000,0.000000,4.372028,0,25,0,444,120,0,0.097260,0.090364,1.497284,0.329643,3.380956,-1,,,,,,,,,,,,,,,,
1.264515,left_вперёд,501,12650,25000,2,0,0.000000,0.000000,0.000000,4.545455,0,26,0,470,120,0,0.097513,0.098928,1.585161,0.342719,3.515069,-1,,,,,,,,,,,,,,,,
1.290205,left_вперёд,502,12676,25000,2,0,0.000000,0.000000,0.000000,4.545455,0,26,0,495,120,0,0.097014,0.107482,1.673038,0.342719,3.515069,-1,,,,,,,,,,,,,,,,
1.315659,left_вперёд,503,12700,25000,2,0,0.000000,0.000000,0.000000,4.545455,0,26,0,522,120,0,0.095766,0.115958,1.760914,0.342719,3.515069,-1,,,,,,,,,,,,,,,,
1.340627,left_вперёд,504,12725,25000,2,0,0.000000,0.000000,0.000000,4.545455,0,26,0,548,120,0,0.093779,0.124293,1.848791,0.342719,3.515069,-1,,,,,,,,,,,,,,,,
1.365975,left_вперёд,505,12750,25020,2,0,0.000000,0.000000,0.000000,4.541821,0,26,0,574,120,0,0.091068,0.132421,1.936668,0.342445,3.512259,-1,,,,,,,,,,,,,,,,
1.391541,left_вперёд,506,12775,24976,2,0,0.000000,0.000000,0.000000,4.549822,0,26,0,600,120,0,0.087654,0.140279,2.024544,0.343049,3.518447,-1,,,,,,,,,,,,,,,,
1.417136,left_вперёд,507,12801,25016,2,0,0.000000,0.000000,0.000000,4.542547,0,26,0,626,120,0,0.083564,0.147808,2.112421,0.342500,3.512821,-1,,,,,,,,,,,,,,,,
1.442469,left_вперёд,508,12825,24992,2,0,0.000000,0.000000,0.000000,4.546910,0,26,0,652,120,0,0.078829,0.154948,2.200298,0.342829,3.516195,-1,,,,,,,,,,,,,,,,
1.468433,left_вперёд,509,12850,25016,2,0,0.000000,0.000000,0.000000,4.542547,0,26,0,677,120,0,0.073485,0.161646,2.288175,0.342500,3.512821,-1,,,,,,,,,,,,,,,,
1.492445,left_вперёд,510,12875,24996,2,0,0.000000,0.000000,0.000000,4.546182,0,26,0,703,120,0,0.067574,0.167848,2.376052,0.342774,3.515632,-1,,,,,,,,,,,,,,,,
1.517998,left_вперёд,511,12900,24984,2,0,0.000000,0.000000,0.000000,4.548366,0,26,0,730,120,0,0.061142,0.173508,2.463928,0.342939,3.517320,-1,,,,,,,,,,,,,,,,
1.543166,left_вперёд,512,12925,25004,2,0,0.000000,0.000000,0.000000,4.544728,0,26,0,756,120,0,0.054238,0.178582,2.551805,0.342664,3.514507,-1,,,,,,,,,,,,,,,,
1.568718,left_вперёд,513,12950,25000,2,0,0.000000,0.000000,0.000000,4.545455,0,26,0,781,120,0,0.046915,0.183030,2.639682,0.342719,3.515069,-1,,,,,,,,,,,,,,,,
1.593755,left_вперёд,514,12976,25016,2,0,0.000000,0.000000,0.000000,4.367834,0,25,0,807,120,0,0.039531,0.186685,2.724179,0.329327,3.377712,-1,,,,,,,,,,,,,,,,
1.619034,left_вперёд,515,13000,25000,2,0,0.000000,0.000000,0.000000,4.545455,0,26,0,832,120,0,0.031554,0.189811,2.812056,0.342719,3.515069,-1,,,,,,,,,,,,,,,,
1.643735,left_вперёд,516,13025,24976,2,0,0.000000,0.000000,0.000000,4.374829,0,25,0,858,120,0,0.023653,0.192145,2.896553,0.329854,3.383122,-1,,,,,,,,,,,,,,,,
1.669546,left_вперёд,517,13050,25004,2,0,0.000000,0.000000,0.000000,4.369930,0,25,0,883,120,0,0.015584,0.193804,2.981050,0.329485,3.379333,-1,,,,,,,,,,,,,,,,
1.695527,left_вперёд,518,13075,25020,2,0,0.000000,0.000000,0.000000,4.367136,0,25,0,908,120,0,0.007403,0.194777,3.065547,0.329274,3.377173,-1,,,,,,,,,,,,,,,,
1.722433,left_вперёд,519,13101,24984,2,0,0.000000,0.000000,0.000000,4.373428,0,25,0,933,120,0,-0.000831,0.195055,-3.133142,0.329749,3.382039,-1,,,,,,,,,,,,,,,,
1.746307,left_вперёд,520,13125,25012,2,0,0.000000,0.000000,0.000000,4.193791,0,24,0,957,120,0,-0.008730,0.194668,-3.052025,0.316204,3.243123,-1,,,,,,,,,,,,,,,,
1.770143,left_вперёд,521,13150,24996,2,0,0.000000,0.000000,0.000000,4.196476,0,24,0,981,120,0,-0.016572,0.193641,-2.970908,0.316407,3.245198,-1,,,,,,,,,,,,,,,,
1.795502,left_вперёд,522,13175,25008,2,0,0.000000,0.000000,0.000000,4.194462,0,24,0,1004,120,0,-0.024306,0.191983,-2.889791,0.316255,3.243641,-1,,,,,,,,,,,,,,,,
1.821257,left_вперёд,523,13200,25036,2,0,0.000000,0.000000,0.000000,4.015197,0,23,0,1028,120,0,-0.031567,0.189811,-2.812054,0.302739,3.105013,-1,,,,,,,,,,,,,,,,
1.847424,left_вперёд,524,13225,24960,2,0,0.000000,0.000000,0.000000,4.202528,0,24,0,1051,120,0,-0.038940,0.186950,-2.730937,0.316863,3.249879,-1,,,,,,,,,,,,,,,,
1.871404,left_вперёд,525,13250,24988,2,0,0.000000,0.000000,0.000000,4.022910,0,23,0,1075,120,0,-0.045767,0.183657,-2.653200,0.303320,3.110977,-1,,,,,,,,,,,,,,,,
1.897461,left_вперёд,526,13275,25000,2,0,0.000000,0.000000,0.000000,4.020979,0,23,0,1098,120,0,-0.052317,0.179843,-2.575463,0.303175,3.109484,-1,,,,,,,,,,,,,,,,
1.923275,left_вперёд,527,13300,24996,2,0,0.000000,0.000000,0.000000,3.846770,0,22,0,1120,120,0,-0.058287,0.175730,-2.501106,0.290040,2.974765,-1,,,,,,,,,,,,,,,,
1.948848,left_вперёд,528,13325,25008,2,0,0.000000,0.000000,0.000000,3.844923,0,22,0,1142,120,0,-0.063935,0.171184,-2.426749,0.289900,2.973338,-1,,,,,,,,,,,,,,,,
1.971483,left_вперёд,529,13350,24996,2,0,0.000000,0.000000,0.000000,4.021623,0,23,0,1164,120,0,-0.069461,0.165997,-2.349011,0.303223,3.109982,-1,,,,,,,,,,,,,,,,
1.999540,left_вперёд,530,13375,25012,2,0,0.000000,0.000000,0.000000,3.844309,0,22,0,1186,120,0,-0.074355,0.160648,-2.274654,0.289854,2.972862,-1,,,,,,,,,,,,,,,,
2.022885,left_вперёд,531,13401,25000,2,0,0.000000,0.000000,0.000000,3.846154,0,22,0,1208,120,0,-0.078838,0.154951,-2.200297,0.289993,2.974289,-1,,,,,,,,,,,,,,,,
2.047761,left_вперёд,532,13425,24984,2,0,0.000000,0.000000,0.000000,3.673680,0,21,0,1230,120,0,-0.082712,0.149216,-2.129319,0.276989,2.840912,-1,,,,,,,,,,,,,,,,
2.074057,left_вперёд,533,13450,25024,2,0,0.000000,0.000000,0.000000,3.493150,0,20,0,1249,120,0,-0.086013,0.143512,-2.061722,0.263377,2.701306,-1,,,,,,,,,,,,,,,,
2.099500,left_вперёд,534,13475,24980,2,0,0.000000,0.000000,0.000000,2.449512,0,14,0,1263,120,0,-0.088092,0.139393,-2.014404,0.184689,1.894245,-1,,,,,,,,,,,,,,,,
2.125045,left_вперёд,535,13500,24996,2,0,0.000000,0.000000,0.000000,1.398825,0,8,0,1271,120,0,-0.089191,0.136997,-1.987365,0.105469,1.081733,-1,,,,,,,,,,,,,,,,
2.151176,left_вперёд,536,13526,25012,2,0,0.000000,0.000000,0.000000,0.698965,0,4,0,1275,120,0,-0.089716,0.135788,-1.973845,0.052701,0.540520,-1,,,,,,,,,,,,,,,,
2.176693,left_вперёд,537,13550,24992,2,0,0.000000,0.000000,0.000000,-0.174881,0,-1,0,1274,120,0,-0.089586,0.136091,-1.977225,-0.013186,-0.135238,-1,,,,,,,,,,,,,,,,
2.199473,left_вперёд,538,13575,25004,2,0,0.000000,0.000000,0.000000,0.000000,0,0,0,1274,120,0,-0.089586,0.136091,-1.977225,0.000000,0.000000,-1,,,,,,,,,,,,,,,,
3.238582,left_назад,579,14600,25000,2,0,0.000000,0.000000,0.000000,0.000000,0,0,0,1274,-120,0,-0.089586,0.136091,-1.977225,0.000000,0.000000,-1,,,,,,,,,,,,,,,,
3.261379,left_назад,580,14625,25000,2,0,0.000000,0.000000,0.000000,-1.048951,0,-6,0,1268,-120,0,-0.088786,0.137899,-1.997504,-0.079089,-0.811170,-1,,,,,,,,,,,,,,,,
3.286740,left_назад,581,14650,24972,2,0,0.000000,0.000000,0.000000,-2.625318,0,-15,0,1252,-120,0,-0.086627,0.142345,-2.048203,-0.197944,-2.030199,-1,,,,,,,,,,,,,,,,
3.314242,left_назад,582,14675,25012,2,0,0.000000,0.000000,0.000000,-3.669567,0,-21,0,1232,-120,0,-0.083231,0.148375,-2.119180,-0.276679,-2.837732,-1,,,,,,,,,,,,,,,,
3.337940,left_назад,583,14700,25020,2,0,0.000000,0.000000,0.000000,-3.668394,0,-21,0,1210,-120,0,-0.079416,0.154149,-2.190157,-0.276590,-2.836825,-1,,,,,,,,,,,,,,,,
3.363385,left_назад,584,14726,24980,2,0,0.000000,0.000000,0.000000,-3.849233,0,-22,0,1189,-120,0,-0.074991,0.159892,-2.264515,-0.290225,-2.976671,-1,,,,,,,,,,,,,,,,
3.389918,left_назад,585,14750,24996,2,0,0.000000,0.000000,0.000000,-3.846770,0,-22,0,1167,-120,0,-0.070152,0.165290,-2.338872,-0.290040,-2.974765,-1,,,,,,,,,,,,,,,,
3.413678,left_назад,586,14775,25008,2,0,0.000000,0.000000,0.000000,-3.844923,0,-22,0,1144,-120,0,-0.064924,0.170313,-2.413229,-0.289900,-2.973338,-1,,,,,,,,,,,,,,,,
3.439041,left_назад,587,14800,25012,2,0,0.000000,0.000000,0.000000,-3.844309,0,-22,0,1122,-120,0,-0.059338,0.174935,-2.487586,-0.289854,-2.972862,-1,,,,,,,,,,,,,,,,
3.464457,left_назад,588,14825,24992,2,0,0.000000,0.000000,0.000000,-4.022266,0,-23,0,1099,-120,0,-0.053148,0.179309,-2.565324,-0.303272,-3.110480,-1,,,,,,,,,,,,,,,,
3.490231,left_назад,589,14851,25004,2,0,0.000000,0.000000,0.000000,-4.020336,0,-23,0,1076,-120,0,-0.046637,0.183189,-2.643061,-0.303126,-3.108987,-1,,,,,,,,,,,,,,,,
3.515727,left_назад,590,14875,25008,2,0,0.000000,0.000000,0.000000,-4.194462,0,-24,0,1053,-120,0,-0.039544,0.186685,-2.724178,-0.316255,-3.243641,-1,,,,,,,,,,,,,,,,
3.540243,left_назад,591,14900,24992,2,0,0.000000,0.000000,0.000000,-4.022266,0,-23,0,1029,-120,0,-0.032501,0.189487,-2.801915,-0.303272,-3.110480,-1,,,,,,,,,,,,,,,,
3.565777,left_назад,592,14925,24996,2,0,0.000000,0.000000,0.000000,-4.196476,0,-24,0,1006,-120,0,-0.024943,0.191817,-2.883032,-0.316407,-3.245198,-1,,,,,,,,,,,,,,,,
3.591377,left_назад,593,14950,25000,2,0,0.000000,0.000000,0.000000,-4.020979,0,-23,0,982,-120,0,-0.017546,0.193469,-2.960769,-0.303175,-3.109484,-1,,,,,,,,,,,,,,,,
3.616704,left_назад,594,14976,24980,2,0,0.000000,0.000000,0.000000,-4.199164,0,-24,0,958,-120,0,-0.009715,0.194575,-3.041886,-0.316610,-3.247277,-1,,,,,,,,,,,,,,,,
3.641048,left_назад,595,15000,25028,2,0,0.000000,0.000000,0.000000,-4.191110,0,-24,0,934,-120,0,-0.001820,0.195042,-3.123003,-0.316002,-3.241049,-1,,,,,,,,,,,,,,,,
3.668078,left_назад,596,15025,24996,2,0,0.000000,0.000000,0.000000,-4.371329,0,-25,0,910,-120,0,0.006417,0.194847,3.075686,-0.329590,-3.380415,-1,,,,,,,,,,,,,,,,
3.693160,left_назад,597,15050,24984,2,0,0.000000,0.000000,0.000000,-4.198491,0,-24,0,885,-120,0,0.014281,0.194007,2.994569,-0.316559,-3.246757,-1,,,,,,,,,,,,,,,,
3.718148,left_назад,598,15075,24992,2,0,0.000000,0.000000,0.000000,-4.372028,0,-25,0,861,-120,0,0.022372,0.192457,2.910073,-0.329643,-3.380956,-1,,,,,,,,,,,,,,,,
3.746175,left_назад,599,15100,25508,2,0,0.000000,0.000000,0.000000,-4.283587,0,-25,0,835,-120,0,0.030304,0.190229,2.825576,-0.322975,-3.312563,-1,,,,,,,,,,,,,,,,
3.768715,left_назад,600,15125,24516,2,0,0.000000,0.000000,0.000000,-4.456915,0,-25,0,811,-120,0,0.038019,0.187341,2.741079,-0.336044,-3.446600,-1,,,,,,,,,,,,,,,,
3.794150,left_назад,601,15151,24988,2,0,0.000000,0.000000,0.000000,-4.372728,0,-25,0,786,-120,0,0.045463,0.183811,2.656582,-0.329696,-3.381497,-1,,,,,,,,,,,,,,,,
3.819733,left_назад,602,15175,25016,2,0,0.000000,0.000000,0.000000,-4.367834,0,-25,0,760,-120,0,0.052583,0.179666,2.572085,-0.329327,-3.377712,-1,,,,,,,,,,,,,,,,
3.845831,left_назад,603,15200,24992,2,0,0.000000,0.000000,0.000000,-4.372028,0,-25,0,735,-120,0,0.059327,0.174934,2.487589,-0.329643,-3.380956,-1,,,,,,,,,,,,,,,,
3.869330,left_назад,604,15225,25000,2,0,0.000000,0.000000,0.000000,-4.545455,0,-26,0,709,-120,0,0.065891,0.169428,2.399712,-0.342719,-3.515069,-1,,,,,,,,,,,,,,,,
3.894422,left_назад,605,15250,24992,2,0,0.000000,0.000000,0.000000,-4.546910,0,-26,0,683,-120,0,0.071947,0.163367,2.311835,-0.342829,-3.516195,-1,,,,,,,,,,,,,,,,
3.920387,left_назад,606,15276,24992,2,0,0.000000,0.000000,0.000000,-4.546910,0,-26,0,657,-120,0,0.077448,0.156798,2.223958,-0.342829,-3.516195,-1,,,,,,,,,,,,,,,,
3.946466,left_назад,607,15300,25000,2,0,0.000000,0.000000,0.000000,-4.545455,0,-26,0,631,-120,0,0.082351,0.149771,2.136081,-0.342719,-3.515069,-1,,,,,,,,,,,,,,,,
3.969819,left_назад,608,15325,25020,2,0,0.000000,0.000000,0.000000,-4.367136,0,-25,0,606,-120,0,0.086466,0.142634,2.051584,-0.329274,-3.377173,-1,,,,,,,,,,,,,,,,
3.995494,left_назад,609,15350,24992,2,0,0.000000,0.000000,0.000000,-4.546910,0,-26,0,580,-120,0,0.090091,0.134871,1.963708,-0.342829,-3.516195,-1,,,,,,,,,,,,,,,,
4.021978,left_назад,610,15375,24996,2,0,0.000000,0.000000,0.000000,-4.371329,0,-25,0,555,-120,0,0.092921,0.127134,1.879211,-0.329590,-3.380415,-1,,,,,,,,,,,,,,,,
4.045467,left_назад,611,15400,25008,2,0,0.000000,0.000000,0.000000,-4.544001,0,-26,0,529,-120,0,0.095161,0.118864,1.791334,-0.342610,-3.513945,-1,,,,,,,,,,,,,,,,
4.071619,left_назад,612,15425,24992,2,0,0.000000,0.000000,0.000000,-4.546910,0,-26,0,503,-120,0,0.096666,0.110429,1.703457,-0.342829,-3.516195,-1,,,,,,,,,,,,,,,,
4.097355,left_назад,613,15451,25008,2,0,0.000000,0.000000,0.000000,-4.544001,0,-26,0,478,-120,0,0.097425,0.101895,1.615581,-0.342610,-3.513945,-1,,,,,,,,,,,,,,,,
4.123567,left_назад,614,15475,24996,2,0,0.000000,0.000000,0.000000,-4.371329,0,-25,0,452,-120,0,0.097446,0.093656,1.531084,-0.329590,-3.380415,-1,,,,,,,,,,,,,,,,
4.147005,left_назад,615,15500,24988,2,0,0.000000,0.000000,0.000000,-4.372728,0,-25,0,427,-120,0,0.096772,0.085446,1.446587,-0.329696,-3.381497,-1,,,,,,,,,,,,,,,,
4.174152,left_назад,616,15525,25016,2,0,0.000000,0.000000,0.000000,-4.018407,0,-23,0,404,-120,0,0.095541,0.077967,1.368850,-0.302981,-3.107496,-1,,,,,,,,,,,,,,,,
4.199704,left_назад,617,15550,24992,2,0,0.000000,0.000000,0.000000,-3.322742,0,-19,0,385,-120,0,0.094089,0.071876,1.304632,-0.250529,-2.569527,-1,,,,,,,,,,,,,,,,
4.222775,left_назад,618,15576,25008,2,0,0.000000,0.000000,0.000000,-2.796308,0,-16,0,370,-120,0,0.092565,0.066829,1.250554,-0.210837,-2.162428,-1,,,,,,,,,,,,,,,,
4.248584,left_назад,619,15600,24992,2,0,0.000000,0.000000,0.000000,-2.098574,0,-12,0,358,-120,0,0.091244,0.063101,1.209996,-0.158229,-1.622859,-1,,,,,,,,,,,,,,,,
4.274768,left_назад,620,15625,25012,2,0,0.000000,0.000000,0.000000,-1.572672,0,-9,0,349,-120,0,0.090155,0.060343,1.179577,-0.118577,-1.216171,-1,,,,,,,,,,,,,,,,
4.300498,left_назад,621,15650,25008,2,0,0.000000,0.000000,0.000000,-0.873846,0,-5,0,344,-120,0,0.089514,0.058825,1.162678,-0.065886,-0.675759,-1,,,,,,,,,,,,,,,,
4.323671,left_назад,622,15675,24968,2,0,0.000000,0.000000,0.000000,-0.350099,0,-2,0,342,-120,0,0.089251,0.058221,1.155918,-0.026397,-0.270737,-1,,,,,,,,,,,,,,,,
4.349418,left_назад,623,15700,25012,2,0,0.000000,0.000000,0.000000,0.000000,0,0,0,342,-120,0,0.089251,0.058221,1.155918,0.000000,0.000000,-1,,,,,,,,,,,,,,,,
4.374919,left_назад,624,15725,25012,2,0,0.000000,0.000000,0.000000,0.000000,0,0,0,342,-120,0,0.089251,0.058221,1.155918,0.000000,0.000000,-1,,,,,,,,,,,,,,,,
4.400750,left_назад,625,15750,24976,2,0,0.000000,0.000000,0.000000,0.000000,0,0,0,342,-120,0,0.089251,0.058221,1.155918,0.000000,0.000000,-1,,,,,,,,,,,,,,,,
4.426026,left_назад,626,15775,25016,2,0,0.000000,0.000000,0.000000,0.000000,0,0,0,342,-120,0,0.089251,0.058221,1.155918,0.000000,0.000000,-1,,,,,,,,,,,,,,,,
4.451565,left_назад,627,15800,25012,2,0,0.000000,0.000000,0.000000,0.000000,0,0,0,342,-120,0,0.089251,0.058221,1.155918,0.000000,0.000000,-1,,,,,,,,,,,,,,,,
4.477284,left_назад,628,15825,24976,2,0,0.000000,0.000000,0.000000,0.000000,0,0,0,342,-120,0,0.089251,0.058221,1.155918,0.000000,0.000000,-1,,,,,,,,,,,,,,,,
4.502794,left_назад,629,15850,25012,2,0,0.000000,0.000000,0.000000,0.000000,0,0,0,342,-120,0,0.089251,0.058221,1.155918,0.000000,0.000000,-1,,,,,,,,,,,,,,,,
4.526910,left_назад,630,15875,24984,2,0,0.000000,0.000000,0.000000,0.000000,0,0,0,342,-120,0,0.089251,0.058221,1.155918,0.000000,0.000000,-1,,,,,,,,,,,,,,,,
4.552361,left_назад,631,15900,25012,2,0,0.000000,0.000000,0.000000,0.000000,0,0,0,342,-120,0,0.089251,0.058221,1.155918,0.000000,0.000000,-1,,,,,,,,,,,,,,,,
4.577967,left_назад,632,15925,25004,2,0,0.000000,0.000000,0.000000,0.000000,0,0,0,342,-120,0,0.089251,0.058221,1.155918,0.000000,0.000000,-1,,,,,,,,,,,,,,,,
4.603503,left_назад,633,15950,25008,2,0,0.000000,0.000000,0.000000,0.000000,0,0,0,342,-120,0,0.089251,0.058221,1.155918,0.000000,0.000000,-1,,,,,,,,,,,,,,,,
4.628494,left_назад,634,15975,24996,2,0,0.000000,0.000000,0.000000,0.000000,0,0,0,342,-120,0,0.089251,0.058221,1.155918,0.000000,0.000000,-1,,,,,,,,,,,,,,,,
4.653855,left_назад,635,16000,24992,2,0,0.000000,0.000000,0.000000,0.000000,0,0,0,342,-120,0,0.089251,0.058221,1.155918,0.000000,0.000000,-1,,,,,,,,,,,,,,,,
4.678445,left_назад,636,16025,25008,2,0,0.000000,0.000000,0.000000,0.000000,0,0,0,342,-120,0,0.089251,0.058221,1.155918,0.000000,0.000000,-1,,,,,,,,,,,,,,,,
4.704547,left_назад,637,16050,25000,2,0,0.000000,0.000000,0.000000,0.000000,0,0,0,342,-120,0,0.089251,0.058221,1.155918,0.000000,0.000000,-1,,,,,,,,,,,,,,,,
5.740912,right_вперёд,678,17075,25000,2,0,0.000000,0.000000,0.000000,0.000000,0,0,0,342,0,0,0.089251,0.058221,1.155918,0.000000,0.000000,-1,,,,,,,,,,,,,,,,
5.769209,right_вперёд,679,17100,25348,2,0,0.000000,0.000000,0.000000,0.000000,0,0,0,342,0,120,0.089251,0.058221,1.155918,0.000000,0.000000,-1,,,,,,,,,,,,,,,,
5.791424,right_вперёд,680,17125,24636,2,0,0.000000,0.000000,0.000000,0.000000,0,0,0,342,0,120,0.089251,0.058221,1.155918,0.000000,0.000000,-1,,,,,,,,,,,,,,,,
5.815736,right_вперёд,681,17150,25028,2,0,0.000000,0.000000,0.000000,0.000000,0,0,0,342,0,120,0.089251,0.058221,1.155918,0.000000,0.000000,-1,,,,,,,,,,,,,,,,
5.840802,right_вперёд,682,17175,24988,2,0,0.000000,0.000000,0.000000,0.000000,0,0,0,342,0,120,0.089251,0.058221,1.155918,0.000000,0.000000,-1,,,,,,,,,,,,,,,,
5.868136,right_вперёд,683,17200,25004,2,0,0.000000,0.000000,0.000000,0.000000,0,0,0,342,0,120,0.089251,0.058221,1.155918,0.000000,0.000000,-1,,,,,,,,,,,,,,,,
5.893383,right_вперёд,684,17225,24980,2,0,0.000000,0.000000,0.000000,0.000000,0,0,0,342,0,120,0.089251,0.058221,1.155918,0.000000,0.000000,-1,,,,,,,,,,,,,,,,
5.918533,right_вперёд,685,17250,24996,2,0,0.000000,0.000000,0.000000,0.000000,0,0,0,342,0,120,0.089251,0.058221,1.155918,0.000000,0.000000,-1,,,,,,,,,,,,,,,,
5.943480,right_вперёд,686,17275,25024,2,0,0.000000,0.000000,0.000000,0.000000,0,0,0,342,0,120,0.089251,0.058221,1.155918,0.000000,0.000000,-1,,,,,,,,,,,,,,,,
5.968857,right_вперёд,687,17300,24996,2,0,0.000000,0.000000,0.000000,0.000000,0,0,0,342,0,120,0.089251,0.058221,1.155918,0.000000,0.000000,-1,,,,,,,,,,,,,,,,
5.993774,right_вперёд,688,17325,24984,2,0,0.000000,0.000000,0.000000,0.000000,0,0,0,342,0,120,0.089251,0.058221,1.155918,0.000000,0.000000,-1,,,,,,,,,,,,,,,,
6.018984,right_вперёд,689,17350,25000,2,0,0.000000,0.000000,0.000000,0.000000,0,0,0,342,0,120,0.089251,0.058221,1.155918,0.000000,0.000000,-1,,,,,,,,,,,,,,,,
6.044003,right_вперёд,690,17375,25008,2,0,0.000000,0.000000,0.000000,0.000000,0,0,0,342,0,120,0.089251,0.058221,1.155918,0.000000,0.000000,-1,,,,,,,,,,,,,,,,
6.069184,right_вперёд,691,17400,24988,2,0,0.000000,0.000000,0.000000,0.000000,0,0,0,342,0,120,0.089251,0.058221,1.155918,0.000000,0.000000,-1,,,,,,,,,,,,,,,,
6.094100,right_вперёд,692,17425,25020,2,0,0.000000,0.000000,0.000000,0.000000,0,0,0,342,0,120,0.089251,0.058221,1.155918,0.000000,0.000000,-1,,,,,,,,,,,,,,,,
6.120786,right_вперёд,693,17449,24980,2,0,0.000000,0.000000,0.000000,0.000000,0,0,0,342,0,120,0.089251,0.058221,1.155918,0.000000,0.000000,-1,,,,,,,,,,,,,,,,
6.143940,right_вперёд,694,17475,25000,2,0,0.000000,0.000000,0.000000,0.000000,0,0,0,342,0,120,0.089251,0.058221,1.155918,0.000000,0.000000,-1,,,,,,,,,,,,,,,,
6.171443,right_вперёд,695,17500,25004,2,0,0.000000,0.000000,0.000000,0.000000,0,0,0,342,0,120,0.089251,0.058221,1.155918,0.000000,0.000000,-1,,,,,,,,,,,,,,,,
6.196978,right_вперёд,696,17525,25020,2,0,0.000000,0.000000,0.000000,0.000000,0,0,0,342,0,120,0.089251,0.058221,1.155918,0.000000,0.000000,-1,,,,,,,,,,,,,,,,
6.219963,right_вперёд,697,17550,24992,2,0,0.000000,0.000000,0.000000,0.000000,0,0,0,342,0,120,0.089251,0.058221,1.155918,0.000000,0.000000,-1,,,,,,,,,,,,,,,,
6.245571,right_вперёд,698,17575,25004,2,0,0.000000,0.000000,0.000000,0.000000,0,0,0,342,0,120,0.089251,0.058221,1.155918,0.000000,0.000000,-1,,,,,,,,,,,,,,,,
6.270747,right_вперёд,699,17600,24992,2,0,0.000000,0.000000,0.000000,0.000000,0,0,0,342,0,120,0.089251,0.058221,1.155918,0.000000,0.000000,-1,,,,,,,,,,,,,,,,
6.296442,right_вперёд,700,17625,25008,2,0,0.000000,0.000000,0.000000,0.000000,0,0,0,342,0,120,0.089251,0.058221,1.155918,0.000000,0.000000,-1,,,,,,,,,,,,,,,,
6.321639,right_вперёд,701,17650,24980,2,0,0.000000,0.000000,0.000000,0.000000,0,0,0,342,0,120,0.089251,0.058221,1.155918,0.000000,0.000000,-1,,,,,,,,,,,,,,,,
6.347367,right_вперёд,702,17675,25012,2,0,0.000000,0.000000,0.000000,0.000000,0,0,0,342,0,120,0.089251,0.058221,1.155918,0.000000,0.000000,-1,,,,,,,,,,,,,,,,
6.373726,right_вперёд,703,17700,24988,2,0,0.000000,0.000000,0.000000,0.000000,0,0,0,342,0,120,0.089251,0.058221,1.155918,0.000000,0.000000,-1,,,,,,,,,,,,,,,,
6.396752,right_вперёд,704,17725,25004,2,0,0.000000,0.000000,0.000000,0.000000,0,0,0,342,0,120,0.089251,0.058221,1.155918,0.000000,0.000000,-1,,,,,,,,,,,,,,,,
6.422528,right_вперёд,705,17750,25000,2,0,0.000000,0.000000,0.000000,0.000000,0,0,0,342,0,120,0.089251,0.058221,1.155918,0.000000,0.000000,-1,,,,,,,,,,,,,,,,
6.448104,right_вперёд,706,17775,25012,2,0,0.000000,0.000000,0.000000,0.000000,0,0,0,342,0,120,0.089251,0.058221,1.155918,0.000000,0.000000,-1,,,,,,,,,,,,,,,,
6.473751,right_вперёд,707,17800,24984,2,0,0.000000,0.000000,0.000000,0.000000,0,0,0,342,0,120,0.089251,0.058221,1.155918,0.000000,0.000000,-1,,,,,,,,,,,,,,,,
6.500502,right_вперёд,708,17825,25028,2,0,0.000000,0.000000,0.000000,0.000000,0,0,0,342,0,120,0.089251,0.058221,1.155918,0.000000,0.000000,-1,,,,,,,,,,,,,,,,
6.524330,right_вперёд,709,17850,24992,2,0,0.000000,0.000000,0.000000,0.000000,0,0,0,342,0,120,0.089251,0.058221,1.155918,0.000000,0.000000,-1,,,,,,,,,,,,,,,,
6.549954,right_вперёд,710,17875,24988,2,0,0.000000,0.000000,0.000000,0.000000,0,0,0,342,0,120,0.089251,0.058221,1.155918,0.000000,0.000000,-1,,,,,,,,,,,,,,,,
6.575749,right_вперёд,711,17900,25004,2,0,0.000000,0.000000,0.000000,0.000000,0,0,0,342,0,120,0.089251,0.058221,1.155918,0.000000,0.000000,-1,,,,,,,,,,,,,,,,
6.601357,right_вперёд,712,17925,25004,2,0,0.000000,0.000000,0.000000,0.000000,0,0,0,342,0,120,0.089251,0.058221,1.155918,0.000000,0.000000,-1,,,,,,,,,,,,,,,,
6.624408,right_вперёд,713,17950,24988,2,0,0.000000,0.000000,0.000000,0.000000,0,0,0,342,0,120,0.089251,0.058221,1.155918,0.000000,0.000000,-1,,,,,,,,,,,,,,,,
6.649765,right_вперёд,714,17975,25012,2,0,0.000000,0.000000,0.000000,0.000000,0,0,0,342,0,120,0.089251,0.058221,1.155918,0.000000,0.000000,-1,,,,,,,,,,,,,,,,
6.677795,right_вперёд,715,18000,25008,2,0,0.000000,0.000000,0.000000,0.000000,0,0,0,342,0,120,0.089251,0.058221,1.155918,0.000000,0.000000,-1,,,,,,,,,,,,,,,,
6.700862,right_вперёд,716,18025,24980,2,0,0.000000,0.000000,0.000000,0.000000,0,0,0,342,0,120,0.089251,0.058221,1.155918,0.000000,0.000000,-1,,,,,,,,,,,,,,,,
6.726656,right_вперёд,717,18050,25008,2,0,0.000000,0.000000,0.000000,0.000000,0,0,0,342,0,120,0.089251,0.058221,1.155918,0.000000,0.000000,-1,,,,,,,,,,,,,,,,
6.752354,right_вперёд,718,18075,25004,2,0,0.000000,0.000000,0.000000,0.000000,0,0,0,342,0,120,0.089251,0.058221,1.155918,0.000000,0.000000,-1,,,,,,,,,,,,,,,,
6.781145,right_вперёд,719,18100,24996,2,0,0.000000,0.000000,0.000000,0.000000,0,0,0,342,0,120,0.089251,0.058221,1.155918,0.000000,0.000000,-1,,,,,,,,,,,,,,,,
6.801876,right_вперёд,720,18125,24992,2,0,0.000000,0.000000,0.000000,0.000000,0,0,0,342,0,120,0.089251,0.058221,1.155918,0.000000,0.000000,-1,,,,,,,,,,,,,,,,
6.828742,right_вперёд,721,18150,25000,2,0,0.000000,0.000000,0.000000,0.000000,0,0,0,342,0,120,0.089251,0.058221,1.155918,0.000000,0.000000,-1,,,,,,,,,,,,,,,,
6.854699,right_вперёд,722,18176,25008,2,0,0.000000,0.000000,0.000000,0.000000,0,0,0,342,0,120,0.089251,0.058221,1.155918,0.000000,0.000000,-1,,,,,,,,,,,,,,,,
6.878206,right_вперёд,723,18200,25000,2,0,0.000000,0.000000,0.000000,0.000000,0,0,0,342,0,120,0.089251,0.058221,1.155918,0.000000,0.000000,-1,,,,,,,,,,,,,,,,
6.903463,right_вперёд,724,18225,24996,2,0,0.000000,0.000000,0.000000,0.000000,0,0,0,342,0,120,0.089251,0.058221,1.155918,0.000000,0.000000,-1,,,,,,,,,,,,,,,,
6.928556,right_вперёд,725,18250,25012,2,0,0.000000,0.000000,0.000000,0.000000,0,0,0,342,0,120,0.089251,0.058221,1.155918,0.000000,0.000000,-1,,,,,,,,,,,,,,,,
6.953860,right_вперёд,726,18275,24992,2,0,0.000000,0.000000,0.000000,0.000000,0,0,0,342,0,120,0.089251,0.058221,1.155918,0.000000,0.000000,-1,,,,,,,,,,,,,,,,
6.979446,right_вперёд,727,18300,25020,2,0,0.000000,0.000000,0.000000,0.000000,0,0,0,342,0,120,0.089251,0.058221,1.155918,0.000000,0.000000,-1,,,,,,,,,,,,,,,,
7.005178,right_вперёд,728,18325,24972,2,0,0.000000,0.000000,0.000000,0.000000,0,0,0,342,0,120,0.089251,0.058221,1.155918,0.000000,0.000000,-1,,,,,,,,,,,,,,,,
7.030647,right_вперёд,729,18350,25024,2,0,0.000000,0.000000,0.000000,0.000000,0,0,0,342,0,120,0.089251,0.058221,1.155918,0.000000,0.000000,-1,,,,,,,,,,,,,,,,
7.055231,right_вперёд,730,18375,24976,2,0,0.000000,0.000000,0.000000,0.000000,0,0,0,342,0,120,0.089251,0.058221,1.155918,0.000000,0.000000,-1,,,,,,,,,,,,,,,,
7.082236,right_вперёд,731,18400,25016,2,0,0.000000,0.000000,0.000000,0.000000,0,0,0,342,0,120,0.089251,0.058221,1.155918,0.000000,0.000000,-1,,,,,,,,,,,,,,,,
7.105900,right_вперёд,732,18425,24988,2,0,0.000000,0.000000,0.000000,0.000000,0,0,0,342,0,120,0.089251,0.058221,1.155918,0.000000,0.000000,-1,,,,,,,,,,,,,,,,
7.131946,right_вперёд,733,18450,25004,2,0,0.000000,0.000000,0.000000,0.000000,0,0,0,342,0,120,0.089251,0.058221,1.155918,0.000000,0.000000,-1,,,,,,,,,,,,,,,,
7.155504,right_вперёд,734,18475,24988,2,0,0.000000,0.000000,0.000000,0.000000,0,0,0,342,0,120,0.089251,0.058221,1.155918,0.000000,0.000000,-1,,,,,,,,,,,,,,,,
7.181172,right_вперёд,735,18500,25024,2,0,0.000000,0.000000,0.000000,0.000000,0,0,0,342,0,120,0.089251,0.058221,1.155918,0.000000,0.000000,-1,,,,,,,,,,,,,,,,
7.208530,right_вперёд,736,18525,25004,2,0,0.000000,0.000000,0.000000,0.000000,0,0,0,342,0,120,0.089251,0.058221,1.155918,0.000000,0.000000,-1,,,,,,,,,,,,,,,,
8.244624,right_назад,777,19550,25004,2,0,0.000000,0.000000,0.000000,0.000000,0,0,0,342,0,0,0.089251,0.058221,1.155918,0.000000,0.000000,-1,,,,,,,,,,,,,,,,
8.269053,right_назад,778,19575,25004,2,0,0.000000,0.000000,0.000000,0.000000,0,0,0,342,0,-120,0.089251,0.058221,1.155918,0.000000,0.000000,-1,,,,,,,,,,,,,,,,
8.295125,right_назад,779,19600,25004,2,0,0.000000,0.000000,0.000000,0.000000,0,0,0,342,0,-120,0.089251,0.058221,1.155918,0.000000,0.000000,-1,,,,,,,,,,,,,,,,
8.319926,right_назад,780,19625,24980,2,0,0.000000,0.000000,0.000000,0.000000,0,0,0,342,0,-120,0.089251,0.058221,1.155918,0.000000,0.000000,-1,,,,,,,,,,,,,,,,
8.345799,right_назад,781,19650,25000,2,0,0.000000,0.000000,0.000000,0.000000,0,0,0,342,0,-120,0.089251,0.058221,1.155918,0.000000,0.000000,-1,,,,,,,,,,,,,,,,
8.371939,right_назад,782,19675,25028,2,0,0.000000,0.000000,0.000000,0.000000,0,0,0,342,0,-120,0.089251,0.058221,1.155918,0.000000,0.000000,-1,,,,,,,,,,,,,,,,
8.395610,right_назад,783,19700,24988,2,0,0.000000,0.000000,0.000000,0.000000,0,0,0,342,0,-120,0.089251,0.058221,1.155918,0.000000,0.000000,-1,,,,,,,,,,,,,,,,
8.421875,right_назад,784,19725,25004,2,0,0.000000,0.000000,0.000000,0.000000,0,0,0,342,0,-120,0.089251,0.058221,1.155918,0.000000,0.000000,-1,,,,,,,,,,,,,,,,
8.445663,right_назад,785,19750,25000,2,0,0.000000,0.000000,0.000000,0.000000,0,0,0,342,0,-120,0.089251,0.058221,1.155918,0.000000,0.000000,-1,,,,,,,,,,,,,,,,
8.471705,right_назад,786,19775,24980,2,0,0.000000,0.000000,0.000000,0.000000,0,0,0,342,0,-120,0.089251,0.058221,1.155918,0.000000,0.000000,-1,,,,,,,,,,,,,,,,
8.498132,right_назад,787,19800,25020,2,0,0.000000,0.000000,0.000000,0.000000,0,0,0,342,0,-120,0.089251,0.058221,1.155918,0.000000,0.000000,-1,,,,,,,,,,,,,,,,
8.521108,right_назад,788,19825,24976,2,0,0.000000,0.000000,0.000000,0.000000,0,0,0,342,0,-120,0.089251,0.058221,1.155918,0.000000,0.000000,-1,,,,,,,,,,,,,,,,
8.547391,right_назад,789,19850,25008,2,0,0.000000,0.000000,0.000000,0.000000,0,0,0,342,0,-120,0.089251,0.058221,1.155918,0.000000,0.000000,-1,,,,,,,,,,,,,,,,
8.573042,right_назад,790,19875,24992,2,0,0.000000,0.000000,0.000000,0.000000,0,0,0,342,0,-120,0.089251,0.058221,1.155918,0.000000,0.000000,-1,,,,,,,,,,,,,,,,
8.599270,right_назад,791,19900,25004,2,0,0.000000,0.000000,0.000000,0.000000,0,0,0,342,0,-120,0.089251,0.058221,1.155918,0.000000,0.000000,-1,,,,,,,,,,,,,,,,
8.622568,right_назад,792,19926,25016,2,0,0.000000,0.000000,0.000000,0.000000,0,0,0,342,0,-120,0.089251,0.058221,1.155918,0.000000,0.000000,-1,,,,,,,,,,,,,,,,
8.648527,right_назад,793,19950,25000,2,0,0.000000,0.000000,0.000000,0.000000,0,0,0,342,0,-120,0.089251,0.058221,1.155918,0.000000,0.000000,-1,,,,,,,,,,,,,,,,
8.674357,right_назад,794,19975,25012,2,0,0.000000,0.000000,0.000000,0.000000,0,0,0,342,0,-120,0.089251,0.058221,1.155918,0.000000,0.000000,-1,,,,,,,,,,,,,,,,
8.699604,right_назад,795,20000,24980,2,0,0.000000,0.000000,0.000000,0.000000,0,0,0,342,0,-120,0.089251,0.058221,1.155918,0.000000,0.000000,-1,,,,,,,,,,,,,,,,
8.724975,right_назад,796,20025,24992,2,0,0.000000,0.000000,0.000000,0.000000,0,0,0,342,0,-120,0.089251,0.058221,1.155918,0.000000,0.000000,-1,,,,,,,,,,,,,,,,
8.750320,right_назад,797,20050,24996,2,0,0.000000,0.000000,0.000000,0.000000,0,0,0,342,0,-120,0.089251,0.058221,1.155918,0.000000,0.000000,-1,,,,,,,,,,,,,,,,
8.775774,right_назад,798,20075,25024,2,0,0.000000,0.000000,0.000000,0.000000,0,0,0,342,0,-120,0.089251,0.058221,1.155918,0.000000,0.000000,-1,,,,,,,,,,,,,,,,
8.802145,right_назад,799,20100,24976,2,0,0.000000,0.000000,0.000000,0.000000,0,0,0,342,0,-120,0.089251,0.058221,1.155918,0.000000,0.000000,-1,,,,,,,,,,,,,,,,
8.825588,right_назад,800,20125,25020,2,0,0.000000,0.000000,0.000000,0.000000,0,0,0,342,0,-120,0.089251,0.058221,1.155918,0.000000,0.000000,-1,,,,,,,,,,,,,,,,
8.851102,right_назад,801,20150,24984,2,0,0.000000,0.000000,0.000000,0.000000,0,0,0,342,0,-120,0.089251,0.058221,1.155918,0.000000,0.000000,-1,,,,,,,,,,,,,,,,
8.876351,right_назад,802,20175,25080,2,0,0.000000,0.000000,0.000000,0.000000,0,0,0,342,0,-120,0.089251,0.058221,1.155918,0.000000,0.000000,-1,,,,,,,,,,,,,,,,
8.902799,right_назад,803,20200,24916,2,0,0.000000,0.000000,0.000000,0.000000,0,0,0,342,0,-120,0.089251,0.058221,1.155918,0.000000,0.000000,-1,,,,,,,,,,,,,,,,
8.925476,right_назад,804,20225,25008,2,0,0.000000,0.000000,0.000000,0.000000,0,0,0,342,0,-120,0.089251,0.058221,1.155918,0.000000,0.000000,-1,,,,,,,,,,,,,,,,
8.951315,right_назад,805,20250,25000,2,0,0.000000,0.000000,0.000000,0.000000,0,0,0,342,0,-120,0.089251,0.058221,1.155918,0.000000,0.000000,-1,,,,,,,,,,,,,,,,
8.977073,right_назад,806,20275,25012,2,0,0.000000,0.000000,0.000000,0.000000,0,0,0,342,0,-120,0.089251,0.058221,1.155918,0.000000,0.000000,-1,,,,,,,,,,,,,,,,
9.003727,right_назад,807,20300,25004,2,0,0.000000,0.000000,0.000000,0.000000,0,0,0,342,0,-120,0.089251,0.058221,1.155918,0.000000,0.000000,-1,,,,,,,,,,,,,,,,
9.027300,right_назад,808,20325,24976,2,0,0.000000,0.000000,0.000000,0.000000,0,0,0,342,0,-120,0.089251,0.058221,1.155918,0.000000,0.000000,-1,,,,,,,,,,,,,,,,
9.053249,right_назад,809,20350,25028,2,0,0.000000,0.000000,0.000000,0.000000,0,0,0,342,0,-120,0.089251,0.058221,1.155918,0.000000,0.000000,-1,,,,,,,,,,,,,,,,
9.078577,right_назад,810,20375,25000,2,0,0.000000,0.000000,0.000000,0.000000,0,0,0,342,0,-120,0.089251,0.058221,1.155918,0.000000,0.000000,-1,,,,,,,,,,,,,,,,
9.104929,right_назад,811,20400,24984,2,0,0.000000,0.000000,0.000000,0.000000,0,0,0,342,0,-120,0.089251,0.058221,1.155918,0.000000,0.000000,-1,,,,,,,,,,,,,,,,
9.127958,right_назад,812,20425,25012,2,0,0.000000,0.000000,0.000000,0.000000,0,0,0,342,0,-120,0.089251,0.058221,1.155918,0.000000,0.000000,-1,,,,,,,,,,,,,,,,
9.154173,right_назад,813,20450,24976,2,0,0.000000,0.000000,0.000000,0.000000,0,0,0,342,0,-120,0.089251,0.058221,1.155918,0.000000,0.000000,-1,,,,,,,,,,,,,,,,
9.180557,right_назад,814,20475,25008,2,0,0.000000,0.000000,0.000000,0.000000,0,0,0,342,0,-120,0.089251,0.058221,1.155918,0.000000,0.000000,-1,,,,,,,,,,,,,,,,
9.204349,right_назад,815,20500,25004,2,0,0.000000,0.000000,0.000000,0.000000,0,0,0,342,0,-120,0.089251,0.058221,1.155918,0.000000,0.000000,-1,,,,,,,,,,,,,,,,
9.230150,right_назад,816,20525,25016,2,0,0.000000,0.000000,0.000000,0.000000,0,0,0,342,0,-120,0.089251,0.058221,1.155918,0.000000,0.000000,-1,,,,,,,,,,,,,,,,
9.256088,right_назад,817,20550,24980,2,0,0.000000,0.000000,0.000000,0.000000,0,0,0,342,0,-120,0.089251,0.058221,1.155918,0.000000,0.000000,-1,,,,,,,,,,,,,,,,
9.279702,right_назад,818,20575,24996,2,0,0.000000,0.000000,0.000000,0.000000,0,0,0,342,0,-120,0.089251,0.058221,1.155918,0.000000,0.000000,-1,,,,,,,,,,,,,,,,
9.305804,right_назад,819,20600,25000,2,0,0.000000,0.000000,0.000000,0.000000,0,0,0,342,0,-120,0.089251,0.058221,1.155918,0.000000,0.000000,-1,,,,,,,,,,,,,,,,
9.331902,right_назад,820,20625,25004,2,0,0.000000,0.000000,0.000000,0.000000,0,0,0,342,0,-120,0.089251,0.058221,1.155918,0.000000,0.000000,-1,,,,,,,,,,,,,,,,
9.357393,right_назад,821,20651,25008,2,0,0.000000,0.000000,0.000000,0.000000,0,0,0,342,0,-120,0.089251,0.058221,1.155918,0.000000,0.000000,-1,,,,,,,,,,,,,,,,
9.381011,right_назад,822,20675,25008,2,0,0.000000,0.000000,0.000000,0.000000,0,0,0,342,0,-120,0.089251,0.058221,1.155918,0.000000,0.000000,-1,,,,,,,,,,,,,,,,
9.407022,right_назад,823,20700,24988,2,0,0.000000,0.000000,0.000000,0.000000,0,0,0,342,0,-120,0.089251,0.058221,1.155918,0.000000,0.000000,-1,,,,,,,,,,,,,,,,
9.433453,right_назад,824,20725,25000,2,0,0.000000,0.000000,0.000000,0.000000,0,0,0,342,0,-120,0.089251,0.058221,1.155918,0.000000,0.000000,-1,,,,,,,,,,,,,,,,
9.457196,right_назад,825,20750,25004,2,0,0.000000,0.000000,0.000000,0.000000,0,0,0,342,0,-120,0.089251,0.058221,1.155918,0.000000,0.000000,-1,,,,,,,,,,,,,,,,
9.483726,right_назад,826,20775,24988,2,0,0.000000,0.000000,0.000000,0.000000,0,0,0,342,0,-120,0.089251,0.058221,1.155918,0.000000,0.000000,-1,,,,,,,,,,,,,,,,
9.510219,right_назад,827,20800,24996,2,0,0.000000,0.000000,0.000000,0.000000,0,0,0,342,0,-120,0.089251,0.058221,1.155918,0.000000,0.000000,-1,,,,,,,,,,,,,,,,
9.533962,right_назад,828,20825,25028,2,0,0.000000,0.000000,0.000000,0.000000,0,0,0,342,0,-120,0.089251,0.058221,1.155918,0.000000,0.000000,-1,,,,,,,,,,,,,,,,
9.557571,right_назад,829,20850,24984,2,0,0.000000,0.000000,0.000000,0.000000,0,0,0,342,0,-120,0.089251,0.058221,1.155918,0.000000,0.000000,-1,,,,,,,,,,,,,,,,
9.586042,right_назад,830,20875,24996,2,0,0.000000,0.000000,0.000000,0.000000,0,0,0,342,0,-120,0.089251,0.058221,1.155918,0.000000,0.000000,-1,,,,,,,,,,,,,,,,
9.609431,right_назад,831,20900,25012,2,0,0.000000,0.000000,0.000000,0.000000,0,0,0,342,0,-120,0.089251,0.058221,1.155918,0.000000,0.000000,-1,,,,,,,,,,,,,,,,
9.635026,right_назад,832,20925,25004,2,0,0.000000,0.000000,0.000000,0.000000,0,0,0,342,0,-120,0.089251,0.058221,1.155918,0.000000,0.000000,-1,,,,,,,,,,,,,,,,
9.660627,right_назад,833,20950,25000,2,0,0.000000,0.000000,0.000000,0.000000,0,0,0,342,0,-120,0.089251,0.058221,1.155918,0.000000,0.000000,-1,,,,,,,,,,,,,,,,
9.686129,right_назад,834,20975,24980,2,0,0.000000,0.000000,0.000000,0.000000,0,0,0,342,0,-120,0.089251,0.058221,1.155918,0.000000,0.000000,-1,,,,,,,,,,,,,,,,
9.709770,right_назад,835,21000,24996,2,0,0.000000,0.000000,0.000000,0.000000,0,0,0,342,0,-120,0.089251,0.058221,1.155918,0.000000,0.000000,-1,,,,,,,,,,,,,,,,
